CustomerId,Surname,CreditScore,Geography,Gender,Age,Balance,NumOfProducts,HasCrCard,IsActiveMember,EstimatedSalary,Exited,baseDate,accountOpeningDate
15649487,Sal,578,Germany,Female,38,113150.44,2,1,0,176712.59,1,2/1/2026,4/6/2021
15694272,Nkemakolam,673,France,Male,30,64097.75,1,1,1,77783.35,0,2/1/2026,11/28/2024
15805955,L?,638,France,Female,48,138333.03,1,1,1,,0,2/1/2026,12/8/2015
15676242,Artemova,632,Spain,Male,31,136556.44,1,1,0,82152.83,1,2/1/2026,5/2/2022
15756820,Fleming,655,France,Female,26,106198.5,1,0,1,32020.42,0,2/1/2026,10/30/2018
15609824,Fedorov,794,France,Female,41,176845.41,3,1,0,166526.26,1,2/1/2026,10/10/2018
15651585,Power,661,Germany,Male,35,117212.18,1,1,1,83052.03,0,2/1/2026,10/18/2023
15759038,Whitehead,793,France,Female,41,141806.46,1,1,0,102921.17,0,2/1/2026,2/21/2022
15601848,Scott,594,,Male,35,0,2,1,0,103480.69,0,2/1/2026,8/12/2023
15760550,Duncan,741,Spain,Male,39,143637.58,2,0,1,174227.66,0,2/1/2026,11/21/2018
15696637,Sung,571,France,Female,23,151097.28,1,0,1,17163.75,0,2/1/2026,3/4/2015
15683471,Hansen,691,France,Male,38,0,2,0,0,81617.4,0,2/1/2026,3/1/2018
15682472,Culbreth,828,France,Male,34,129433.34,2,0,0,38131.77,0,2/1/2026,4/14/2017
15600724,Scott,567,Germany,Male,29,129750.68,1,1,0,109257.59,0,2/1/2026,12/9/2020
15775905,Moore,612,Germany,Female,47,130024.87,1,1,1,45750.21,1,2/1/2026,9/17/2019
15574012,Chu,645,,Male,44,113755.78,2,1,0,,1,2/1/2026,9/18/2017
15589475,Azikiwe,591,,Female,39,0,3,1,0,140469.38,1,2/1/2026,8/12/2022
15706163,Enyinnaya,518,Germany,Male,46,113625.93,1,0,0,92727.42,1,2/1/2026,8/12/2021
15655774,Booth,583,France,Male,27,0,2,1,0,51285.49,0,2/1/2026,3/20/2018
15644200,Hamilton,807,Spain,Female,42,0,1,1,0,16500.66,1,2/1/2026,12/4/2024
15675316,Avdeeva,619,,Female,38,0,2,0,1,116467.35,0,2/1/2026,2/26/2022
15782468,Hart,850,Spain,Male,51,109799.55,2,1,1,12457.76,1,2/1/2026,11/26/2022
15709117,Fanucci,823,Spain,Female,46,81576.75,1,1,1,28370.95,1,2/1/2026,1/2/2023
15680855,Iloabuchi,637,France,Male,33,145731.83,1,0,1,109219.43,0,2/1/2026,1/9/2024
15621893,Bellucci,727,France,Male,18,133550.67,1,1,1,46941.41,0,2/1/2026,6/9/2021
15707473,Summers,850,Germany,Female,48,111962.99,1,1,0,111755.8,0,2/1/2026,4/7/2019
15736879,Obinna,669,France,Male,23,0,2,0,0,66088.83,0,2/1/2026,2/14/2024
15806926,Watson,615,France,Female,35,97440.02,2,1,1,,0,2/1/2026,12/31/2023
15631868,Robertson,744,Spain,Male,36,153804.44,1,1,1,87213.33,0,2/1/2026,5/9/2023
15727384,Chukwuemeka,705,Germany,Female,43,146547.78,1,0,1,10072.55,1,2/1/2026,10/4/2015
15657139,Otutodilinna,652,France,Female,40,84390.8,2,0,1,107876.2,0,2/1/2026,2/26/2017
15593365,Shih,762,Spain,Male,39,81273.13,1,1,1,18719.67,0,2/1/2026,5/19/2023
15812198,Chen,543,Germany,Male,48,100900.5,1,0,0,33310.72,1,2/1/2026,2/23/2024
15731511,Ritchie,808,France,Male,45,118626.55,2,1,0,147132.46,0,2/1/2026,4/14/2018
15607381,King,769,Germany,Female,31,148913.72,2,1,0,53817.23,0,2/1/2026,11/5/2018
15694821,Hardy,765,Germany,Male,43,148962.76,1,0,1,173878.87,1,2/1/2026,9/8/2021
15801488,Buckner,723,France,Male,25,0,2,1,1,134509.47,0,2/1/2026,4/16/2022
15724834,Wilson,498,France,Female,30,0,2,0,0,135795.53,0,2/1/2026,2/10/2024
15621210,Angelo,599,Germany,Male,46,123444.72,1,1,1,31368.08,1,2/1/2026,4/6/2016
15673619,Bazhenov,530,France,Male,25,162560.32,1,1,0,64129.03,0,2/1/2026,2/18/2016
15659486,Yudina,586,Germany,Male,34,74309.81,1,1,0,15034.93,0,2/1/2026,3/8/2016
15651052,McMasters,399,Germany,Male,46,127655.22,1,1,0,139994.68,1,2/1/2026,8/6/2023
15649136,Williamson,650,France,Female,43,0,2,1,1,16301.91,0,2/1/2026,8/2/2019
15674991,Kao,667,France,Male,42,0,2,0,1,58137.42,0,2/1/2026,4/30/2016
15813163,Ch'iu,531,Spain,Female,36,99240.51,1,1,0,123137.01,0,2/1/2026,1/9/2017
15775153,Buchi,630,Spain,Male,32,82034,1,0,0,146326.45,0,2/1/2026,5/31/2021
15783398,Rizzo,535,Spain,Female,49,115309.75,1,1,0,111421.77,0,2/1/2026,2/26/2018
15708212,Lin,648,Spain,Female,54,118241.02,1,1,0,172586.89,1,2/1/2026,5/27/2018
15812945,Padovesi,582,France,Female,29,0,1,1,1,84012.81,0,2/1/2026,8/7/2025
15585100,Rioux,511,Germany,Female,40,124401.6,1,1,0,198814.24,1,2/1/2026,2/10/2016
15767794,Browne,744,France,Male,31,120718.28,1,1,1,58961.49,0,2/1/2026,4/18/2016
15698619,Bowhay,593,France,Male,43,0,2,1,1,76357.43,0,2/1/2026,6/26/2016
15661036,Davis,725,France,Male,46,0,2,1,0,161767.38,0,2/1/2026,2/17/2019
15591257,Ejimofor,796,France,Male,24,0,2,1,0,,0,2/1/2026,7/7/2017
15665110,Helena,515,France,Female,25,79543.59,1,0,1,38772.82,0,2/1/2026,2/18/2018
15637753,O'Sullivan,751,Germany,Male,50,96888.39,1,1,0,77206.25,1,2/1/2026,5/30/2023
15758606,Yamamoto,738,France,Male,54,0,1,0,1,55725.04,1,2/1/2026,9/22/2021
15744582,Randall,680,France,Female,24,0,3,1,0,154971.63,1,2/1/2026,10/30/2015
15606149,Wood,571,Germany,Female,66,111577.01,1,0,1,189271.9,0,2/1/2026,12/24/2016
15756125,Booth,757,Spain,Male,44,140856.16,2,1,0,158735.1,0,2/1/2026,2/9/2020
15675964,Chukwukadibia,672,France,Female,45,0,1,1,1,92027.69,1,2/1/2026,1/26/2017
15710257,Matveyeva,625,France,Female,39,130786.92,1,0,1,121316.07,0,2/1/2026,9/23/2022
15780514,Fuller,707,France,Male,33,136678.52,1,1,0,54290.62,0,2/1/2026,10/26/2017
15710825,Ch'en,592,Spain,Male,31,110071.1,1,0,0,43921.36,0,2/1/2026,1/14/2019
15718057,Onyinyechukwuka,760,France,Female,51,100946.71,1,0,0,,1,2/1/2026,8/19/2023
15766289,Dickinson,751,France,Male,47,142669.93,2,1,0,162760.96,0,2/1/2026,8/30/2020
15806837,Nnaife,669,France,Male,37,0,1,1,0,132540.33,0,2/1/2026,1/23/2022
15752508,Docherty,614,Germany,Male,32,99462.8,2,1,1,51117.06,0,2/1/2026,2/6/2018
15596939,Calabresi,659,Germany,Male,36,132578.92,2,1,0,84320.94,0,2/1/2026,9/22/2021
15794560,Maclean,550,France,Male,57,0,1,1,1,133501.94,0,2/1/2026,9/12/2020
15787699,Burke,650,Germany,Male,34,142393.11,1,1,1,11276.48,0,2/1/2026,1/22/2022
15686137,Barry,456,Spain,Male,32,147506.25,1,1,1,135399.21,0,2/1/2026,1/24/2017
15628303,Thurgood,738,Spain,Male,35,0,1,1,1,15650.73,0,2/1/2026,9/8/2022
15745295,Gether,727,Spain,Female,31,0,1,1,0,121751.04,1,2/1/2026,10/21/2025
15773792,Evans,662,France,Female,32,133950.37,1,1,1,48725.68,1,2/1/2026,1/15/2022
15779390,Theus,850,Spain,Female,31,91292.7,1,1,1,162149.07,0,2/1/2026,1/3/2022
15698839,Okwudilichukwu,460,Germany,Male,46,127559.97,2,1,1,126952.5,0,2/1/2026,11/9/2021
15813916,Kudryashova,622,France,Female,31,89688.94,1,1,1,152305.47,0,2/1/2026,6/28/2024
15697095,Zetticci,705,Spain,Male,46,0,2,1,0,,0,2/1/2026,7/2/2018
15641250,Calabresi,794,Spain,Male,38,179581.31,1,1,0,23596.24,0,2/1/2026,5/27/2016
15730868,Marshall,747,France,Male,41,0,2,1,1,22750.17,0,2/1/2026,11/9/2020
15746749,Fleming,681,Spain,Female,32,0,2,1,1,59679.9,0,2/1/2026,8/29/2022
15775562,Shoobridge,538,France,Female,33,0,2,1,0,126962.41,0,2/1/2026,10/27/2020
15808582,Fu,665,France,Female,40,0,1,1,1,161848.03,0,2/1/2026,10/5/2019
15787470,Parkinson,553,Spain,Male,47,116528.15,1,0,0,145704.19,1,2/1/2026,5/5/2022
15657386,Fiorentini,712,Germany,Male,43,141749.74,2,0,1,90905.26,0,2/1/2026,10/9/2024
15633419,Brooks,622,Germany,Female,28,143124.63,2,1,0,81723.8,0,2/1/2026,12/4/2024
15626385,George,714,Spain,Female,33,103121.33,2,1,1,49672.01,0,2/1/2026,12/21/2015
15612109,Speth,819,France,Male,38,122334.26,2,1,1,181507.44,0,2/1/2026,3/13/2016
15704769,Smith,585,France,Female,67,113978.97,2,0,1,93146.11,0,2/1/2026,11/15/2020
15578186,Pirozzi,486,Germany,Male,37,115217.99,2,1,0,144995.33,0,2/1/2026,3/7/2016
15569178,Kharlamov,570,France,Female,18,82767.42,1,1,0,71811.9,0,2/1/2026,9/4/2021
15751336,Yao,630,Spain,Male,30,0,2,0,1,10486.69,0,2/1/2026,1/5/2023
15769818,Moore,850,France,Female,37,212778.2,1,0,1,69372.88,0,2/1/2026,3/2/2022
15813144,Osborne,554,France,Female,26,92606.86,2,1,0,192709.69,0,2/1/2026,4/12/2018
15758372,Wallace,674,France,Male,18,0,2,1,1,55753.12,1,2/1/2026,3/31/2018
15765311,Zhirov,642,Spain,Male,34,0,1,1,0,72085.1,0,2/1/2026,1/15/2018
15582180,Lees,561,France,Male,29,120268.13,1,1,1,173870.39,0,2/1/2026,11/1/2016
15730339,Bell,670,Spain,Male,30,133446.34,1,0,0,3154.95,0,2/1/2026,8/24/2022
15737748,McWilliam,534,Spain,Female,33,151233.62,1,0,0,199336.63,0,2/1/2026,9/1/2022
15678385,Lange,465,France,Male,25,78247.31,2,1,1,10472.31,0,2/1/2026,1/11/2024
15673342,K'ung,703,France,Male,36,0,2,1,0,108790.95,0,2/1/2026,7/17/2023
15715707,Light,657,France,Male,32,118829.03,2,1,1,73127.61,0,2/1/2026,3/17/2022
15726490,Kirby,782,Spain,Male,52,0,1,1,1,52759.82,1,2/1/2026,9/5/2021
15662294,Bennett,710,France,Male,33,118327.17,2,1,1,192928.82,0,2/1/2026,6/6/2015
15787835,Simpson,775,Germany,Female,38,125212.65,2,1,1,15795.88,1,2/1/2026,4/30/2021
15667046,Tseng,694,Spain,Male,38,121527.4,1,1,0,113481.02,0,2/1/2026,4/2/2018
15582492,Moore,535,France,Female,29,112367.34,1,1,0,185630.76,0,2/1/2026,12/28/2023
15724282,Tsao,540,Germany,Male,44,164113.04,2,1,1,,0,2/1/2026,7/29/2022
15752488,Emery,733,Spain,Female,31,102289.85,1,1,1,115441.66,0,2/1/2026,4/25/2016
15732020,Rutherford,610,Germany,Male,57,106938.11,2,0,1,186612.47,0,2/1/2026,5/21/2019
15640280,Cameron,850,France,Male,39,127771.35,2,0,1,151738.54,0,2/1/2026,9/27/2021
15746902,Belstead,793,Spain,Male,38,0,2,1,0,88225.02,0,2/1/2026,2/18/2016
15698028,Duncan,506,France,Female,41,0,2,1,0,31766.3,0,2/1/2026,5/31/2024
15592583,Colman,731,France,Female,47,115414.19,3,0,0,191734.67,1,2/1/2026,8/21/2024
15691483,Chin,549,,Female,25,0,2,0,0,190857.79,0,2/1/2026,8/25/2020
15624391,Thomson,595,Spain,Female,30,100683.54,1,1,1,178361.04,0,2/1/2026,2/4/2020
15650889,Golubev,710,Germany,Female,30,133537.1,2,1,0,155593.74,0,2/1/2026,9/11/2015
15770498,Parker,798,France,Female,37,111723.08,1,1,1,83478.12,0,2/1/2026,5/31/2021
15596552,Stephens,535,Germany,Male,48,134542.73,1,1,1,58203.67,1,2/1/2026,3/19/2020
15624781,Mbanefo,672,France,Female,34,142151.75,2,1,1,168753.34,0,2/1/2026,4/21/2024
15650933,Ma,490,Spain,Female,48,155413.06,1,1,0,187921.3,0,2/1/2026,8/11/2017
15607827,Nebechukwu,711,Germany,Male,34,133467.77,2,1,1,42976.64,0,2/1/2026,10/31/2021
15646372,Outhwaite,616,France,Female,66,135842.41,1,1,0,183840.51,1,2/1/2026,2/28/2024
15799515,Wei,652,France,Female,48,133297.24,1,1,0,77764.37,0,2/1/2026,2/10/2017
15645544,Nekrasov,642,Germany,Female,30,129753.69,1,1,0,582.53,0,2/1/2026,12/5/2020
15720702,Shih,789,France,Male,37,0,1,1,0,121883.87,1,2/1/2026,7/10/2022
15595039,Manna,545,Germany,Female,37,114754.08,1,1,0,136050.44,1,2/1/2026,10/14/2017
15566594,McKenzie,709,,Male,23,0,2,0,0,129590.18,0,2/1/2026,10/28/2015
15773972,Balashov,614,France,Male,50,137104.47,1,1,0,127166.49,1,2/1/2026,5/30/2021
15716186,Richardson,586,,Female,38,0,2,1,0,87168.46,0,2/1/2026,12/9/2023
15670080,Mackenzie,584,Germany,Female,29,105204.01,1,0,1,138490.03,0,2/1/2026,10/18/2018
15748936,Whitehead,709,Spain,Female,45,0,2,0,1,162922.65,0,2/1/2026,8/4/2023
15600992,Madukaego,652,France,Male,36,0,2,1,1,151314.98,0,2/1/2026,11/22/2024
15744614,Feng,541,France,Male,37,118636.92,1,1,1,73551.44,0,2/1/2026,9/22/2016
15788126,Evans,689,Spain,Female,38,121021.05,1,1,1,12182.15,0,2/1/2026,11/1/2019
15785782,Ugonna,513,Spain,Male,48,0,1,1,1,114709.13,1,2/1/2026,6/7/2023
15755825,McGuirk,666,France,Male,39,0,2,1,0,102999.33,0,2/1/2026,11/18/2015
15641850,Pethard,717,France,Male,40,98241.04,1,1,0,110887.14,0,2/1/2026,2/23/2025
15584930,Grimmett,726,Germany,Male,30,111375.32,2,1,0,2704.09,0,2/1/2026,11/16/2020
15714227,Kelly,672,France,Female,53,0,1,1,1,136910.18,0,2/1/2026,5/17/2018
15769169,Trentino,645,France,Male,41,0,1,0,1,28667.56,0,2/1/2026,2/27/2018
15810845,T'ang,636,,Male,42,0,2,1,1,55470.78,0,2/1/2026,1/21/2024
15679145,Chou,706,Spain,Male,57,0,1,1,0,17941.16,1,2/1/2026,1/10/2019
15701109,Andreyev,663,France,Female,37,0,1,1,1,185210.63,0,2/1/2026,6/15/2018
15667938,Hurst,628,France,Male,32,149136.31,2,1,1,16402.11,0,2/1/2026,2/21/2016
15762268,Hancock,666,France,Female,41,141162.08,1,1,0,50908.48,0,2/1/2026,9/26/2015
15727688,Chizuoke,555,Spain,Male,32,0,2,1,1,54405.79,0,2/1/2026,1/18/2022
15599251,Chung,602,Germany,Male,32,184715.86,2,1,0,113781.99,0,2/1/2026,6/25/2018
15691625,Ko,537,Germany,Female,41,138306.34,1,1,0,,0,2/1/2026,4/30/2022
15664772,Greece,489,Germany,Male,28,79460.98,2,1,1,167973.63,0,2/1/2026,12/26/2024
15780140,Bellucci,435,Germany,Male,32,57017.06,2,1,1,5907.11,0,2/1/2026,7/9/2023
15659098,Toscano,669,France,Male,30,95128.86,1,0,0,19799.26,0,2/1/2026,12/28/2018
15634974,Seppelt,614,France,Female,37,75150.34,4,0,1,131766.67,1,2/1/2026,12/8/2017
15578045,Mitchell,538,Spain,Female,49,141434.04,1,0,0,173779.25,1,2/1/2026,9/7/2016
15793813,Onochie,774,France,Male,36,103688.19,1,0,1,118971.74,0,2/1/2026,5/25/2018
15718893,Pirozzi,404,Germany,Female,54,125456.07,1,1,0,83715.66,1,2/1/2026,2/13/2021
15688409,Donaldson,742,France,Female,28,191864.51,1,1,0,108457.99,1,2/1/2026,6/13/2023
15790355,Okechukwu,606,Germany,Male,36,190479.48,2,0,0,179351.89,0,2/1/2026,2/18/2020
15592645,Gibbons,704,Spain,Male,37,0,2,0,0,25684.93,0,2/1/2026,5/26/2021
15583499,Chiagoziem,510,France,Male,32,103324.78,1,1,1,46127.7,0,2/1/2026,10/2/2016
15799710,Wei,739,France,Male,37,104960.46,1,0,1,80883.82,0,2/1/2026,10/17/2018
15712403,McMillan,589,France,Female,61,0,1,1,0,61108.56,1,2/1/2026,4/22/2024
15723320,Azubuike,651,Germany,Female,25,109175.14,2,1,0,114566.47,0,2/1/2026,10/23/2023
15626710,Yudina,642,France,Female,39,0,1,1,1,76821.24,0,2/1/2026,10/29/2021
15656148,Obinna,376,Germany,Female,29,115046.74,4,1,0,119346.88,1,2/1/2026,9/9/2021
15792818,Perry,499,Germany,Female,29,148051.52,1,1,0,118623.94,0,2/1/2026,12/28/2019
15810978,Pugliesi,788,Spain,Female,70,0,2,1,1,41610.62,0,2/1/2026,11/1/2024
15780835,Liang,652,Germany,Female,26,131908.35,1,1,1,179269.79,0,2/1/2026,5/25/2024
15785819,Shao,681,France,Male,38,0,2,1,1,112491.96,0,2/1/2026,4/11/2022
15694456,Toscani,756,,Male,62,0,1,1,1,11199.04,1,2/1/2026,7/3/2022
15806049,Lee,714,Germany,Female,49,140510.89,1,1,0,141914.94,0,2/1/2026,7/12/2020
15574324,Genovese,568,Germany,Female,29,129177.01,2,0,1,104617.99,0,2/1/2026,4/26/2023
15654229,O'Neill,699,Spain,Male,47,0,2,0,1,30117.44,0,2/1/2026,12/12/2024
15618926,Nwachukwu,520,Spain,Male,43,0,2,1,1,,0,2/1/2026,2/16/2018
15738267,Macarthur,544,France,Female,64,124043.8,1,1,1,111402.97,1,2/1/2026,5/4/2022
15708710,Ford,525,Spain,Female,37,0,1,0,1,131521.72,0,2/1/2026,5/26/2025
15657342,Dawson,850,Germany,Male,28,147972.19,1,1,0,60708.72,1,2/1/2026,5/22/2021
15765014,Mai,547,France,Female,48,179380.74,2,0,1,69263.1,0,2/1/2026,2/29/2024
15731815,Nepean,529,Spain,Male,63,96134.11,3,1,0,108732.96,1,2/1/2026,6/6/2021
15711825,Ts'ai,655,Spain,Female,35,82231.51,2,1,0,88798.02,0,2/1/2026,2/8/2024
15576256,Yusupova,582,France,Male,39,0,2,1,1,129892.93,0,2/1/2026,10/26/2020
15752342,Bradley,704,Germany,Female,54,133656.91,3,1,0,145071.33,1,2/1/2026,11/13/2019
15705991,Kenenna,469,Germany,Male,38,113599.42,1,0,0,11950.29,0,2/1/2026,5/17/2016
15813022,Kapustina,531,Spain,Male,70,0,2,0,0,99503.19,0,2/1/2026,4/4/2024
15778025,Dellucci,685,Germany,Male,43,108589.47,2,0,1,194808.51,0,2/1/2026,12/5/2016
15661249,Bellucci,699,France,Male,53,0,2,0,1,111307.98,0,2/1/2026,4/11/2021
15788535,Tan,593,Spain,Male,44,0,1,1,0,128046.98,0,2/1/2026,7/18/2020
15578977,Robinson,786,France,Male,34,0,2,1,0,144517.19,0,2/1/2026,4/16/2016
15773456,Lazareva,678,Germany,Male,36,145747.67,2,0,1,89566.74,0,2/1/2026,8/11/2022
15647842,Cunningham,601,,Female,48,120782.7,1,1,0,63940.68,1,2/1/2026,3/11/2017
15768006,Wu,729,France,Male,34,152303.8,1,1,0,12128.69,0,2/1/2026,9/12/2022
15750684,Jibunoh,719,France,Female,42,0,1,1,0,28465.86,1,2/1/2026,1/6/2022
15783958,Bates,539,Spain,Female,37,130922.81,2,0,0,2186.83,0,2/1/2026,2/4/2024
15630551,Forbes,696,France,Male,33,163139.27,1,1,1,7035.36,0,2/1/2026,8/8/2023
15739357,Moss,756,Spain,Male,30,145127.85,1,0,0,7554.68,0,2/1/2026,10/1/2023
15637979,Fuller,664,Germany,Female,36,127160.78,2,1,0,78140.75,0,2/1/2026,5/8/2023
15578825,Golubev,734,France,Female,29,139994.66,1,1,0,17744.72,0,2/1/2026,11/17/2025
15623595,Clayton,586,Spain,Female,28,0,2,1,1,92067.35,0,2/1/2026,4/11/2023
15592765,Marks,637,France,Male,40,125470.81,1,1,1,174536.17,0,2/1/2026,5/23/2017
15641009,Wilhelm,544,France,Male,37,84496.71,1,0,0,79972.09,0,2/1/2026,7/9/2022
15612966,Milani,545,Germany,Female,60,128981.07,1,0,1,176924.21,1,2/1/2026,5/4/2018
15748718,Gordon,517,France,Male,28,115062.61,1,1,0,179056.23,0,2/1/2026,5/28/2023
15783615,Ramos,630,Germany,Male,50,129370.91,4,1,1,47775.34,1,2/1/2026,5/18/2022
15591386,Golubova,622,France,Female,35,0,2,1,0,51112.8,0,2/1/2026,8/3/2020
15630419,Davis,634,France,Male,44,149961.11,1,1,0,57121.51,0,2/1/2026,5/10/2016
15592387,Burke,566,France,Male,30,0,1,1,0,54926.51,1,2/1/2026,4/11/2020
15605461,Lucas,594,Germany,Female,29,130830.22,1,1,0,61048.53,0,2/1/2026,3/22/2022
15630053,Tsao,656,France,Male,45,127864.4,1,1,0,87107.57,0,2/1/2026,3/3/2020
15794171,Lombardo,475,France,Female,45,134264.04,1,1,0,27822.99,1,2/1/2026,4/12/2025
15707362,Yin,514,Germany,Male,43,95556.31,1,0,1,199273.98,1,2/1/2026,6/1/2024
15634950,Obiajulu,657,Germany,Male,57,107174.58,1,1,1,126369.55,1,2/1/2026,4/19/2017
15628145,Forwood,682,,Female,43,125851.93,1,1,1,193318.33,0,2/1/2026,3/9/2020
15670481,Woods,684,France,Female,27,122550.05,2,0,1,137835.82,0,2/1/2026,11/21/2016
15754068,Judd,578,France,Male,32,0,2,1,1,141822.8,0,2/1/2026,7/2/2021
15661629,Ricci,522,Spain,Male,34,126436.29,1,1,0,174248.52,1,2/1/2026,5/3/2016
15617705,Ozioma,609,France,Female,39,141675.23,1,0,1,175664.25,0,2/1/2026,4/4/2017
15636572,Christmas,760,France,Female,32,0,2,1,1,105969.05,0,2/1/2026,1/9/2019
15566156,Franklin,749,Germany,Female,44,71497.79,2,0,0,151083.8,0,2/1/2026,8/19/2025
15732832,Jideofor,707,France,Female,40,0,2,1,0,41052.82,0,2/1/2026,6/29/2020
15618581,Diribe,668,Spain,Male,25,0,2,1,1,135112.09,0,2/1/2026,6/26/2017
15805312,Bellucci,607,France,Male,45,123859.6,1,0,1,113051.57,0,2/1/2026,10/23/2018
15695846,Hawkins,684,France,Female,34,0,2,1,1,130928.22,0,2/1/2026,6/19/2019
15579166,Munro,619,France,Female,30,70729.17,1,1,1,160948.87,0,2/1/2026,12/16/2018
15694717,Ku,544,Germany,Male,37,79731.91,1,1,1,57558.95,0,2/1/2026,3/25/2023
15777076,Clark,651,France,Male,36,0,2,1,0,13898.31,0,2/1/2026,2/21/2018
15610355,Hunter,713,France,Male,44,63438.91,1,1,0,64375.4,0,2/1/2026,12/16/2024
15625698,Dumetochukwu,624,Spain,Female,23,0,2,0,1,196668.51,0,2/1/2026,1/12/2020
15750765,Sanders,650,Spain,Male,71,0,1,1,1,,0,2/1/2026,4/18/2025
15626147,Maclean,608,France,Female,62,144976.5,1,0,0,175836.03,1,2/1/2026,1/1/2018
15804017,Chigolum,631,Germany,Female,33,123246.7,1,0,0,112687.57,0,2/1/2026,1/20/2022
15813439,Ch'ien,587,France,Male,33,100116.82,1,1,0,34215.58,0,2/1/2026,11/20/2020
15659501,Chioke,753,France,Female,38,142263.45,1,0,1,33730.43,0,2/1/2026,4/30/2019
15791767,Lucciano,769,France,Female,26,0,2,1,0,176843.53,0,2/1/2026,12/24/2018
15588614,Walton,753,France,Male,57,0,1,1,0,159475.08,1,2/1/2026,8/24/2018
15737173,Andrews,497,Spain,Male,24,0,2,1,0,76390.01,0,2/1/2026,5/6/2022
15762216,Barrera,686,France,Female,41,129553.76,2,1,0,187599.8,0,2/1/2026,7/9/2021
15778320,Teng,848,Germany,Female,40,148495.64,1,0,0,158853.98,0,2/1/2026,8/23/2020
15664881,Norton,702,France,Male,34,100054.77,1,1,0,109496.45,0,2/1/2026,11/7/2021
15640825,Loyau,695,Spain,Male,46,122549.64,1,1,1,56297.85,0,2/1/2026,8/16/2022
15671032,He,760,Germany,Male,42,77992.97,2,1,1,97906.38,0,2/1/2026,6/18/2025
15576360,Ch'iu,600,France,Male,40,141136.79,1,1,1,67803.83,0,2/1/2026,1/7/2025
15611579,Sutherland,801,Spain,Male,42,141947.67,1,1,1,10598.29,0,2/1/2026,6/14/2021
15800517,Huang,633,Spain,Male,32,163340.12,2,1,1,74415.2,0,2/1/2026,7/25/2020
15581440,Christie,724,Germany,Female,48,110463.25,2,1,1,80552.11,1,2/1/2026,10/30/2019
15646302,Shao,705,France,Female,24,100169.51,1,1,0,121408.55,0,2/1/2026,6/11/2018
15668575,Hao,626,Spain,Female,26,148610.41,3,0,1,104502.02,1,2/1/2026,7/30/2017
15725166,Newton,707,France,Male,30,0,2,1,0,33159.37,0,2/1/2026,6/3/2017
15659366,Shih,807,,Male,43,105799.32,2,1,0,34888.04,1,2/1/2026,6/2/2024
15671097,Carter,428,France,Female,31,0,2,1,0,54487.43,0,2/1/2026,1/12/2024
15725698,Panicucci,520,Spain,Female,35,115680.81,1,1,1,90280.7,0,2/1/2026,10/23/2021
15611759,Simmons,850,Spain,Female,57,126776.3,2,1,1,132298.49,0,2/1/2026,7/12/2017
15617648,Mikkelsen,584,France,Female,44,95671.75,2,1,1,106564.88,0,2/1/2026,8/2/2020
15613880,Higinbotham,591,Spain,Male,58,128468.69,1,0,1,137254.55,0,2/1/2026,7/10/2020
15576714,Manna,687,Spain,Female,21,0,2,1,1,154767.34,0,2/1/2026,12/26/2017
15809616,Hsiung,626,Spain,Male,26,0,2,0,0,191420.71,0,2/1/2026,11/6/2017
15692750,McGregor,629,Germany,Female,45,129818.39,3,1,0,9217.55,1,2/1/2026,12/12/2018
15734634,Bocharova,607,Spain,Female,27,100912.19,1,0,0,7631.27,0,2/1/2026,1/19/2021
15605968,Fancher,574,France,Male,26,97460.1,1,1,1,43093.67,0,2/1/2026,3/27/2017
15666633,Huang,758,Spain,Male,56,0,2,1,1,10643.38,0,2/1/2026,11/8/2024
15677369,Golubov,554,Germany,Female,37,58629.97,1,0,0,182038.6,0,2/1/2026,11/4/2021
15726556,Macgroarty,594,Germany,Female,26,135067.52,2,0,0,131211.86,0,2/1/2026,5/23/2019
15642833,Akubundu,608,France,Female,30,0,2,1,0,128875.86,0,2/1/2026,4/26/2017
15751531,Shaw,598,Spain,Male,41,0,2,1,1,161954.43,0,2/1/2026,7/18/2017
15785865,Mazzanti,711,France,Male,58,91285.13,2,1,1,26767.85,0,2/1/2026,7/11/2016
15667265,Cavenagh,729,France,Male,39,121404.64,1,1,1,159618.17,0,2/1/2026,7/16/2021
15783659,Blackburn,659,France,Male,67,145981.87,1,1,1,131043.2,0,2/1/2026,12/3/2021
15709476,Kenyon,850,Spain,Female,41,99945.93,2,1,0,71179.31,0,2/1/2026,7/30/2022
15689168,Munro,531,Spain,Male,37,143407.29,2,0,1,84402.46,0,2/1/2026,6/28/2024
15770435,McLean,639,France,Female,50,115335.32,2,1,1,53130.41,0,2/1/2026,6/28/2019
15607993,Milne,625,France,Female,52,79468.96,1,1,1,84606.03,0,2/1/2026,11/22/2023
15799825,Bentley,583,France,Female,44,0,2,1,1,27431.62,0,2/1/2026,1/18/2018
15782236,Gibbs,735,Spain,Male,34,0,2,0,0,71095.41,0,2/1/2026,1/29/2021
15711218,Parry,616,Germany,Male,39,121704.32,2,1,0,55556.3,0,2/1/2026,7/2/2023
15703059,Scott,549,Germany,Female,49,124829.16,1,0,1,93551.36,0,2/1/2026,3/24/2019
15806964,Utz,702,France,Male,45,80793.58,1,1,1,27474.81,0,2/1/2026,9/21/2025
15658032,Hopkins,701,France,Male,39,0,2,1,1,82526.92,0,2/1/2026,7/31/2023
15783305,Franklin,593,France,Female,46,98752.51,1,1,0,145560.38,0,2/1/2026,1/29/2019
15814536,Conti,549,France,Male,37,112541.54,2,0,0,47432.43,0,2/1/2026,6/18/2023
15693203,Powell,710,Spain,Female,75,0,2,1,1,9376.89,0,2/1/2026,3/30/2020
15668747,Virgo,702,France,Female,46,98444.19,1,0,1,109563.28,0,2/1/2026,8/30/2016
15655007,Li,758,France,Female,33,0,2,0,0,82996.47,0,2/1/2026,7/16/2018
15663706,Leonard,777,France,Female,32,0,1,1,0,136458.19,1,2/1/2026,9/23/2023
15617197,Chien,524,France,Male,50,0,2,1,1,31840.59,1,2/1/2026,3/28/2021
15624623,Hs?,516,France,Male,35,104088.59,2,0,0,119666,0,2/1/2026,8/8/2015
15660211,Shih,629,,Male,35,156847.29,2,1,0,31824.29,0,2/1/2026,7/23/2018
15688251,Mamelu,767,France,Male,43,76408.85,2,1,0,77837.63,0,2/1/2026,12/13/2024
15640454,Parkhill,693,Germany,Male,40,120711.73,1,0,0,27345.18,1,2/1/2026,1/12/2026
15738605,Fischer,634,Germany,Female,46,123642.36,1,1,1,49725.16,1,2/1/2026,9/18/2020
15648005,Russell,672,Spain,Male,33,0,2,1,1,182738,0,2/1/2026,12/28/2023
15625522,Walker,700,Spain,Male,31,0,2,0,1,145151.96,0,2/1/2026,7/20/2018
15648702,Yuriev,775,Germany,Male,70,119684.88,2,1,1,74532.02,0,2/1/2026,1/3/2020
15641629,P'eng,537,Spain,Female,38,0,2,0,1,41233.97,0,2/1/2026,3/4/2024
15693233,De Neeve,666,Germany,Male,38,99812.88,2,1,1,158357.97,0,2/1/2026,1/26/2020
15592461,Jackson,603,Germany,Male,26,109166.37,1,1,1,92840.67,0,2/1/2026,10/4/2021
15793842,Krichauff,700,France,Female,34,76322.69,1,1,0,128136.29,0,2/1/2026,7/14/2023
15621075,Ogbonnaya,778,Germany,Female,45,162150.42,2,1,0,174531.27,0,2/1/2026,12/18/2024
15692583,Udobata,678,France,Female,32,0,2,1,0,90284.47,0,2/1/2026,5/9/2020
15794396,Newbold,494,Germany,Female,38,174937.64,1,1,0,40084.32,0,2/1/2026,2/5/2018
15719302,Brennan,765,France,Female,50,126547.8,1,1,1,79579.94,1,2/1/2026,12/6/2016
15586959,Unaipon,468,France,Female,42,0,2,1,0,125305.34,0,2/1/2026,9/12/2020
15764618,Tseng,815,Spain,Female,39,0,1,1,1,85167.88,0,2/1/2026,3/18/2019
15694188,Obidimkpa,700,Spain,Female,46,56580.95,2,0,1,45424.13,0,2/1/2026,9/21/2020
15616709,Bunton,587,Germany,Female,38,132122.42,2,0,0,31730.32,0,2/1/2026,12/26/2025
15590993,Findlay,579,Spain,Male,37,152212.88,2,0,0,120219.14,0,2/1/2026,6/22/2020
15607133,Shih,717,Spain,Female,49,110864.38,2,1,1,124532.9,1,2/1/2026,6/11/2024
15812197,Kline,850,France,Male,38,80293.98,1,0,0,126555.74,0,2/1/2026,6/24/2018
15789158,Nikitina,636,Germany,Male,49,113599.74,2,1,0,158887.09,1,2/1/2026,10/10/2019
15720910,Black,560,France,Female,66,0,1,1,1,15928.49,0,2/1/2026,8/24/2016
15628112,Hughes,771,,Female,36,77846.9,1,0,0,99805.99,0,2/1/2026,11/18/2020
15665834,Cheatham,696,Spain,Male,28,0,1,0,0,176713.47,0,2/1/2026,12/18/2017
15708608,Wallwork,799,France,Female,22,174185.98,2,0,1,192633.85,0,2/1/2026,4/17/2017
15694395,Ts'ui,620,France,Female,29,138740.24,2,0,0,154700.61,0,2/1/2026,3/11/2024
15631838,Findlay,606,France,Male,61,108166.09,2,0,1,8643.21,0,2/1/2026,11/2/2020
15744529,Chiekwugo,510,France,Male,63,0,2,1,1,115291.86,0,2/1/2026,1/19/2018
15698442,Eberechukwu,719,Spain,Male,35,122964.88,1,1,1,138231.7,0,2/1/2026,12/2/2022
15762277,Jamieson,710,France,Male,47,158623.14,1,0,0,83499.89,1,2/1/2026,2/24/2020
15730738,Chiang,786,Spain,Male,31,0,2,1,1,18210.36,0,2/1/2026,7/3/2016
15612087,Dike,671,France,Male,45,106376.85,1,0,1,158264.62,0,2/1/2026,7/13/2023
15606507,Pisani,555,France,Male,24,0,2,1,0,27513.47,0,2/1/2026,11/2/2020
15801062,Matthews,557,Spain,Female,40,0,2,0,1,105433.53,0,2/1/2026,9/12/2021
15755178,Ramos,660,France,Male,50,0,3,1,1,191849.15,1,2/1/2026,12/14/2024
15666916,Lira,639,France,Male,43,99610.92,2,1,0,187296.78,0,2/1/2026,11/1/2019
15636428,Sutherland,703,Spain,Female,45,0,1,1,0,182784.11,1,2/1/2026,10/25/2024
15726791,Nuttall,637,Spain,Female,45,157929.45,1,1,1,145134.49,1,2/1/2026,6/18/2023
15576126,Young,649,France,Female,41,125785.23,1,1,1,70523.92,0,2/1/2026,2/10/2023
15587451,Goold,778,Germany,Male,41,139706.31,1,1,0,63337.19,0,2/1/2026,3/2/2018
15569571,Davydova,584,Germany,Female,46,87361.02,2,1,0,120376.87,1,2/1/2026,8/25/2019
15742820,Trevisano,535,France,Female,45,0,2,0,1,170621.55,0,2/1/2026,1/16/2024
15582325,Jennings,524,France,Male,52,87894.26,1,1,0,173899.42,1,2/1/2026,11/11/2023
15722548,Fisher,540,France,Male,48,148116.48,1,0,0,116973.48,0,2/1/2026,12/24/2025
15672945,Parkes,661,France,Female,37,136425.18,1,1,0,81102.81,0,2/1/2026,7/19/2020
15613844,Murphy,557,France,Female,28,146445.24,2,1,0,184317.74,0,2/1/2026,8/26/2018
15632210,Hill,657,Germany,Male,25,171770.55,1,1,0,22745.5,0,2/1/2026,12/15/2023
15703143,Tuan,820,France,Female,29,82344.84,1,0,1,115985.38,0,2/1/2026,1/9/2023
15785899,Ch'en,789,Germany,Male,33,151607.56,1,1,0,4389.4,0,2/1/2026,1/17/2018
15683562,Allen,646,France,Male,35,84026.86,1,0,1,164255.69,0,2/1/2026,6/7/2019
15605965,Henderson,630,France,Male,43,0,2,1,1,,0,2/1/2026,9/25/2016
15589030,Ts'ai,649,France,Male,47,0,2,1,1,145593.85,0,2/1/2026,7/29/2024
15755242,Rowe,682,France,Female,46,0,1,1,1,114442.66,0,2/1/2026,12/31/2023
15594898,Hewitt,731,France,Male,43,0,1,1,1,170034.95,1,2/1/2026,9/17/2023
15656300,Lucciano,411,France,Male,29,59697.17,2,1,1,53483.21,0,2/1/2026,7/8/2025
15609510,Gregory,669,France,Male,45,149364.58,1,0,1,173454.07,0,2/1/2026,6/19/2018
15634602,Hargrave,619,France,Female,42,0,1,1,1,101348.88,1,2/1/2026,8/11/2023
15577064,Onyekaozulu,592,Germany,Male,36,104702.65,2,1,0,107948.72,0,2/1/2026,8/27/2023
15570769,Kibble,494,France,Male,69,93320.8,1,1,1,24489.44,0,2/1/2026,1/5/2017
15634896,Grant,521,France,Female,39,0,2,0,1,27375.15,0,2/1/2026,8/10/2019
15745324,Milani,599,Spain,Female,39,0,1,1,0,194273.2,1,2/1/2026,7/21/2021
15623927,Alexander,576,France,Male,55,0,2,1,1,94450.97,0,2/1/2026,5/18/2016
15789546,Ojiofor,639,Spain,Male,28,0,2,1,0,126561.07,0,2/1/2026,3/20/2017
15611105,Castella,799,Spain,Male,35,0,2,0,1,140780.8,0,2/1/2026,11/11/2018
15692317,Craig,722,France,Male,30,0,2,1,0,166376.54,0,2/1/2026,10/10/2020
15797219,Ifesinachi,635,France,Female,40,123497.58,1,1,0,131953.23,1,2/1/2026,10/2/2015
15791131,Chimaijem,551,Germany,Female,30,143340.44,1,1,0,145796.49,0,2/1/2026,11/28/2023
15697283,Mackenzie,578,Spain,Male,23,0,2,1,0,112124.98,0,2/1/2026,10/16/2017
15773469,Clark,687,Germany,Female,27,152328.88,2,0,0,126494.82,0,2/1/2026,4/23/2016
15708048,Burn,631,France,Female,34,124379.14,1,1,0,106892.91,0,2/1/2026,6/19/2021
15639314,Cartwright,589,France,Male,32,0,2,0,1,9468.64,0,2/1/2026,12/25/2023
15612494,Panicucci,359,France,Female,44,128747.69,1,1,0,146955.71,1,2/1/2026,2/1/2020
15758482,Montalvo,626,France,Female,32,0,2,0,0,187172.54,0,2/1/2026,9/9/2025
15667134,Cisneros,446,France,Male,32,0,2,0,0,133292.94,0,2/1/2026,1/29/2018
15774510,Tien,714,,Female,31,125169.26,1,1,1,106636.89,0,2/1/2026,11/11/2021
15607312,Ch'ang,648,Spain,Female,49,0,2,1,1,159835.78,1,2/1/2026,6/6/2015
15776780,He,608,France,Male,59,0,1,1,0,70649.64,1,2/1/2026,8/1/2024
15788659,Howells,695,France,Male,46,0,2,1,1,137537.22,0,2/1/2026,1/6/2022
15694506,Briggs,611,Germany,Male,31,107884.81,2,1,1,183487.98,0,2/1/2026,2/20/2025
15793881,Mitchell,721,France,Female,35,118273.83,1,0,1,3086.89,0,2/1/2026,2/10/2019
15677135,Lorenzo,520,Germany,Male,61,133802.29,2,1,1,,0,2/1/2026,2/19/2017
15665678,Tan,607,Spain,Male,36,158261.68,1,1,1,76744.72,0,2/1/2026,8/14/2017
15738181,Douglas,850,France,Male,31,67996.23,2,0,0,,1,2/1/2026,8/4/2019
15583595,Tao,461,France,Female,28,0,1,1,1,103349.74,0,2/1/2026,9/16/2017
15768455,Young,679,France,Male,60,0,2,1,1,51380.9,0,2/1/2026,2/1/2018
15756471,Giles,656,Germany,Male,27,118627.16,2,1,1,160835.3,0,2/1/2026,6/4/2021
15707144,Onyeorulu,571,Germany,Male,25,82506.72,2,1,0,167705.07,0,2/1/2026,2/21/2019
15782454,Hancock,552,France,Male,49,0,1,1,1,190296.76,1,2/1/2026,7/14/2021
15585241,Butcher,756,Spain,Male,29,117412.19,2,1,0,4888.91,0,2/1/2026,3/11/2023
15706593,Ellis,850,Spain,Female,50,0,2,1,1,33741.84,0,2/1/2026,5/17/2015
15769499,Lampungmeiua,545,Spain,Female,74,0,2,1,1,161326.73,0,2/1/2026,11/14/2022
15718369,Kaodilinakachukwu,795,Germany,Female,33,130862.43,1,1,1,114935.21,0,2/1/2026,8/12/2016
15646817,Chiekwugo,769,France,Male,51,156773.78,2,1,0,40257.79,0,2/1/2026,4/21/2016
15696061,Brownless,581,Germany,Female,34,101633.04,1,1,0,,0,2/1/2026,4/3/2024
15774931,She,452,France,Male,30,112935.87,1,1,1,99017.34,0,2/1/2026,4/27/2018
15809143,White,456,Germany,Male,32,133060.63,1,1,1,125167.92,0,2/1/2026,6/2/2016
15630321,Hu,680,France,Male,44,0,2,1,0,86935.08,0,2/1/2026,11/25/2022
15701602,Ayers,521,Germany,Male,52,116497.31,3,0,0,53793.1,1,2/1/2026,4/19/2020
15578515,Osinachi,659,France,Female,38,0,2,1,0,158553.1,0,2/1/2026,6/20/2022
15723008,Lo Duca,720,France,Female,45,102882.4,2,1,1,35633.15,1,2/1/2026,1/17/2025
15773503,Tsai,551,Spain,Male,32,0,2,1,0,53420.53,0,2/1/2026,10/22/2021
15702919,Collins,729,Germany,Male,30,63669.42,1,1,0,145111.37,0,2/1/2026,10/11/2019
15684198,McDonald,551,France,Female,38,0,2,1,1,216.27,0,2/1/2026,12/28/2015
15809178,Pan,569,Germany,Female,42,146100.75,1,1,0,,1,2/1/2026,4/10/2016
15601274,Hsieh,667,Spain,Female,40,146502.07,1,1,0,19162.89,0,2/1/2026,11/4/2024
15687658,Burgin,716,France,Female,52,65971.61,2,1,0,14608,1,2/1/2026,9/26/2018
15611905,Warlow-Davies,513,Spain,Female,31,174853.46,1,1,0,84238.63,0,2/1/2026,9/10/2020
15713853,Ifeajuna,732,Germany,Male,42,108748.08,2,1,1,65323.11,0,2/1/2026,5/10/2016
15635597,Echezonachukwu,644,France,Male,33,0,2,1,1,155294.17,0,2/1/2026,11/29/2017
15699772,Barclay,428,Germany,Female,40,129248.11,2,1,0,72876.43,1,2/1/2026,3/16/2022
15668058,Chinwendu,661,Germany,Male,35,124098.54,1,1,0,,0,2/1/2026,2/11/2017
15658339,Pugliesi,795,Germany,Male,37,139265.63,2,1,1,198745.94,0,2/1/2026,12/1/2023
15724620,Dodds,538,France,Male,37,134752.08,1,1,0,162511.55,0,2/1/2026,4/26/2024
15589076,Henry,737,France,Male,36,0,1,0,1,188670.9,1,2/1/2026,1/21/2017
15677538,Nwokike,569,France,Male,38,0,1,1,1,108469.2,0,2/1/2026,3/27/2018
15683503,Hudson,601,France,Female,43,0,3,0,1,110916.15,1,2/1/2026,5/21/2017
15797227,Otutodilinna,754,France,Male,28,0,2,1,1,52615.62,0,2/1/2026,6/20/2017
15743411,Chiawuotu,609,Spain,Male,61,0,1,1,0,22447.85,1,2/1/2026,5/24/2024
15595067,Zhirov,637,Spain,Female,40,0,2,1,1,181610.6,0,2/1/2026,6/24/2019
15604295,Wei,543,France,Male,36,0,2,1,0,176728.28,0,2/1/2026,4/3/2019
15603436,Savage,594,Spain,Female,49,126615.94,2,0,1,123214.74,0,2/1/2026,11/13/2023
15569590,Yoo,601,Germany,Male,42,98495.72,1,1,0,40014.76,1,2/1/2026,12/13/2024
15698510,Onwudiwe,468,Germany,Male,42,181627.14,2,1,0,172668.39,0,2/1/2026,1/12/2017
15772995,Ts'ao,529,France,Male,30,116295.29,1,1,0,75285.47,0,2/1/2026,3/17/2023
15574879,Wright,631,Germany,Female,37,121801.72,2,0,1,23146.62,0,2/1/2026,4/13/2023
15577657,McDonald,732,,Male,41,0,2,1,1,170886.17,0,2/1/2026,2/19/2017
15710295,Patrick,445,Germany,Female,38,119413.62,2,1,0,175756.36,0,2/1/2026,7/29/2019
15693259,Wallace,676,France,Male,30,128207.23,1,1,1,55400.17,0,2/1/2026,11/3/2024
15793949,Cheng,726,France,Female,48,0,1,1,0,114020.06,1,2/1/2026,2/26/2021
15623560,Onyekachukwu,668,France,Female,35,102482.76,1,1,1,53994.64,0,2/1/2026,7/31/2019
15664204,Meany,706,Spain,Male,29,0,2,1,1,18255.51,0,2/1/2026,10/22/2023
15726234,Trentini,708,Spain,Female,41,0,1,0,1,157003.99,0,2/1/2026,4/8/2020
15674398,Russo,642,France,Male,38,0,2,0,0,171463.83,0,2/1/2026,4/4/2022
15721917,Chuang,559,France,Female,38,95139.41,1,1,1,86575.46,0,2/1/2026,5/7/2017
15804771,Velazquez,614,France,Male,51,40685.92,1,1,1,46775.28,0,2/1/2026,3/23/2021
15694829,Chibueze,680,Germany,Male,32,175454,1,0,1,77349.92,0,2/1/2026,5/25/2018
15644724,Fan,472,France,Male,31,58662.92,2,0,1,73322,0,2/1/2026,5/26/2021
15685500,Glazkov,772,Germany,Male,26,152400.51,2,1,0,79414,0,2/1/2026,7/23/2018
15796334,Chukwualuka,558,Germany,Male,39,144757.02,1,1,0,22878.16,1,2/1/2026,7/10/2015
15738219,Nash,632,France,Female,36,0,2,1,1,52526.65,0,2/1/2026,1/3/2019
15587581,Russo,785,Germany,Female,33,136624.6,2,1,1,169117.74,0,2/1/2026,12/15/2020
15746190,Payton,624,Spain,Female,28,0,2,0,1,104353.26,0,2/1/2026,8/20/2023
15583303,Monaldo,593,France,Female,29,152265.43,1,1,0,34004.44,0,2/1/2026,4/11/2023
15694296,Chineze,631,France,Male,35,112392.45,2,1,0,24472.23,0,2/1/2026,7/13/2016
15585595,Owens,774,France,Female,28,71264.02,2,0,1,68759.57,0,2/1/2026,4/1/2024
15612187,Morin,547,Germany,Male,32,155726.85,1,1,0,67789.99,0,2/1/2026,5/26/2017
15592300,Mai,543,Spain,Male,35,59408.63,1,1,0,76773.53,0,2/1/2026,2/13/2015
15756850,Golovanov,479,France,Male,40,0,2,0,0,114996.43,0,2/1/2026,9/10/2024
15803136,Postle,416,,Female,41,122189.66,2,1,0,,0,2/1/2026,11/1/2015
15660271,Duncan,688,Germany,Male,26,146133.39,1,1,1,175296.76,0,2/1/2026,6/22/2017
15748473,Curnow,801,France,Male,38,0,2,1,0,66256.27,0,2/1/2026,2/19/2020
15763612,T'an,756,Germany,Male,41,124439.49,2,0,1,47093.11,0,2/1/2026,10/6/2023
15750141,Reichard,721,Germany,Female,36,65253.07,2,1,0,28737.78,0,2/1/2026,12/16/2022
15590228,Greenwalt,715,France,Male,21,76467.16,1,1,1,173511.72,0,2/1/2026,8/11/2019
15687959,Landman,573,Spain,Female,44,0,1,1,1,94862.93,0,2/1/2026,8/13/2021
15570601,Cheng,785,France,Female,47,122031.55,1,1,1,33823.5,1,2/1/2026,1/17/2017
15703399,McNeil,756,France,Female,26,101641.14,2,0,1,154460.68,0,2/1/2026,8/14/2020
15705521,Pisani,548,Germany,Female,33,101084.36,1,1,0,42749.85,0,2/1/2026,1/28/2026
15687946,Osborne,556,France,Female,61,117419.35,1,1,1,94153.83,0,2/1/2026,11/17/2023
15767339,Chiazagomekpere,777,France,Female,53,0,2,1,0,189992.97,0,2/1/2026,3/11/2015
15614220,Benson,750,France,Male,22,0,2,0,1,105125.65,0,2/1/2026,9/8/2020
15754105,Olisanugo,650,France,Male,37,106967.18,1,0,0,24495.03,0,2/1/2026,9/23/2020
15767474,Lorenzo,481,France,Female,57,0,3,1,1,169719.35,1,2/1/2026,10/28/2016
15744517,Esposito,735,Spain,Male,50,0,1,0,0,166677.35,1,2/1/2026,5/17/2016
15768104,Wright,788,Spain,Male,37,141541.25,1,0,0,66013.27,0,2/1/2026,10/9/2017
15759436,Aksenov,758,France,Female,50,95813.76,3,1,1,67944.09,1,2/1/2026,2/7/2023
15774393,Ch'ien,694,,Female,30,0,2,1,1,26960.31,0,2/1/2026,3/13/2016
15762615,Campbell,597,Spain,Female,40,101993.12,1,0,1,94774.12,0,2/1/2026,3/3/2017
15730076,Osborne,651,France,Male,45,0,1,1,0,67740.08,1,2/1/2026,9/11/2024
15689351,Johnson,742,Germany,Female,41,92805.72,1,0,1,73743.95,1,2/1/2026,10/24/2021
15633283,Padovano,536,France,Male,35,0,2,1,0,64833.28,0,2/1/2026,9/5/2017
15627360,Fuller,432,France,Male,42,152603.45,1,1,0,110265.24,1,2/1/2026,7/30/2016
15741336,Ejimofor,715,France,Female,38,118590.41,1,1,1,5684.17,1,2/1/2026,10/4/2020
15623791,Padovesi,632,Spain,Female,40,109740.62,1,1,0,141896.74,0,2/1/2026,10/20/2022
15597930,Wilson,646,France,Male,52,59669.43,1,0,0,172495.81,1,2/1/2026,5/31/2017
15802381,Li,461,Germany,Female,34,63663.93,1,0,1,167784.28,0,2/1/2026,8/15/2020
15625881,Koehler,634,Germany,Male,37,111432.77,2,1,1,167032.49,0,2/1/2026,10/29/2022
15734942,Nnamutaezinwa,539,Germany,Female,38,82407.51,1,1,0,13123.41,0,2/1/2026,9/1/2017
15682541,Hartley,616,Spain,Female,36,132311.71,1,0,0,15462.84,0,2/1/2026,9/9/2019
15767864,Fulton,628,France,Male,33,0,2,0,0,184230.23,0,2/1/2026,2/28/2019
15648800,Paterson,731,Germany,Female,21,132312.06,1,1,0,106663.46,1,2/1/2026,4/11/2017
15742854,Lettiere,640,Spain,Female,46,0,2,1,0,89043.19,0,2/1/2026,7/8/2017
15588446,Udinesi,550,Spain,Male,34,0,2,0,0,131281.28,0,2/1/2026,5/18/2022
15673481,Morton,726,Spain,Female,48,99906.19,1,1,0,64323.24,0,2/1/2026,2/17/2019
15645269,Duncan,583,France,Female,42,0,2,1,0,17439.66,0,2/1/2026,1/5/2022
15596914,Shaw,630,Germany,Female,31,112373.49,2,1,1,131167.98,0,2/1/2026,4/26/2023
15789109,Watson,686,France,Female,41,0,1,1,1,144272.71,1,2/1/2026,6/17/2015
15804602,Boyd,772,Germany,Male,30,99785.28,2,0,0,197238.03,0,2/1/2026,10/14/2019
15574692,Pinto,667,Spain,Female,39,0,2,1,0,40721.24,1,2/1/2026,8/27/2023
15810834,Gordon,525,Spain,Female,57,145965.33,1,1,1,64448.36,0,2/1/2026,10/11/2023
15649423,Cooper,580,France,Female,35,0,2,0,1,10357.03,0,2/1/2026,3/24/2017
15569503,Yeh,765,France,Male,44,0,2,1,1,159899.97,0,2/1/2026,9/23/2019
15737310,Thompson,633,France,Male,29,130206.28,1,1,0,184654.87,0,2/1/2026,12/5/2015
15777922,Afamefuna,629,Spain,Male,36,161757.87,2,1,1,146371.72,0,2/1/2026,4/21/2024
15603830,Palmer,600,Spain,Male,36,0,2,1,0,143635.36,0,2/1/2026,6/16/2021
15586821,Bellew,727,France,Male,28,0,2,0,1,19653.08,0,2/1/2026,9/25/2020
15636999,Mao,414,France,Male,38,0,1,0,1,77661.12,1,2/1/2026,6/28/2017
15581548,Kaodilinakachukwu,637,Spain,Female,22,98800,1,1,0,122865.55,0,2/1/2026,4/7/2020
15602084,Coles,663,France,Female,42,124626.07,1,1,1,78004.5,0,2/1/2026,6/20/2020
15780254,Gartrell,654,France,Male,40,0,1,0,0,183872.88,1,2/1/2026,3/21/2019
15675522,Ko,628,,Female,30,132351.29,2,1,1,74169.13,0,2/1/2026,8/2/2016
15784736,Jamieson,562,France,Male,45,136855.24,1,1,0,46864,0,2/1/2026,4/26/2019
15631240,Dubinina,645,France,Female,36,0,2,1,1,12096.61,1,2/1/2026,4/14/2017
15625759,Rowley,729,France,Male,30,0,2,1,0,151869.35,0,2/1/2026,6/3/2016
15633461,Pai,639,Germany,Male,38,130170.82,1,1,1,149599.62,0,2/1/2026,6/7/2020
15665438,Hs?,669,France,Male,43,163159.85,1,0,1,15602.8,0,2/1/2026,8/2/2024
15568240,Ting,492,Germany,Female,30,77168.87,2,0,1,146700.22,0,2/1/2026,1/19/2016
15566843,Gotch,535,Germany,Male,20,134874.4,1,1,1,118825.56,0,2/1/2026,5/15/2016
15671256,Macartney,850,France,Female,35,211774.31,1,1,0,188574.12,1,2/1/2026,5/3/2024
15729763,Nelson,655,Spain,Male,34,116114.93,1,1,1,49492.15,0,2/1/2026,3/1/2024
15594349,Streeten,850,France,Male,49,122486.47,1,0,1,59748.19,0,2/1/2026,8/4/2020
15650068,Johnson,511,France,Male,58,149117.31,1,1,1,162599.51,0,2/1/2026,10/31/2025
15566091,Thomsen,545,Spain,Female,32,0,1,1,0,94739.2,0,2/1/2026,12/17/2021
15576044,Macdonald,579,Germany,Male,28,150329.15,1,1,0,145558.42,0,2/1/2026,11/26/2019
15637954,Lewis,730,France,Female,35,155470.55,1,1,1,53718.28,0,2/1/2026,7/2/2025
15600821,Hardy,721,France,Male,69,108424.19,1,1,1,178418.35,0,2/1/2026,3/23/2023
15705953,Kodilinyechukwu,721,Spain,Male,51,169312.13,1,1,0,109078.35,1,2/1/2026,3/2/2025
15788539,Foxall,501,France,Female,34,107747.57,1,1,0,9249.36,0,2/1/2026,3/18/2022
15694366,Hou,714,Germany,Male,42,177640.09,1,0,1,47166.55,0,2/1/2026,8/19/2023
15591986,Johnston,621,Germany,Male,46,141078.37,1,0,0,34580.8,1,2/1/2026,5/19/2019
15690182,Kapustin,635,Germany,Male,37,113488.68,1,1,0,95611.74,1,2/1/2026,1/26/2021
15729954,Azuka,586,France,Female,28,0,3,1,0,170487.4,1,2/1/2026,8/26/2020
15576352,Revell,586,Spain,Female,57,0,2,0,1,6057.81,0,2/1/2026,11/8/2022
15673570,Olsen,580,France,Male,37,0,2,0,1,77108.66,0,2/1/2026,10/22/2016
15668886,Blakey,684,Spain,Female,38,0,2,1,0,44255.65,0,2/1/2026,8/25/2022
15611029,Hsiung,488,Germany,Female,33,140002.35,1,1,0,123613.81,0,2/1/2026,8/18/2021
15807045,Milanesi,829,Germany,Female,37,103457.76,1,0,0,1114.12,0,2/1/2026,11/15/2022
15646859,Heydon,621,Germany,Male,47,107363.29,1,1,1,66799.28,0,2/1/2026,11/4/2018
15763171,Hu,650,Germany,Female,25,114330.95,1,1,1,25325.07,0,2/1/2026,12/26/2023
15713644,Marshall,686,Spain,Male,22,0,2,1,0,158974.45,0,2/1/2026,3/23/2020
15681758,Baddeley,525,Spain,Female,25,0,2,1,0,69361.95,0,2/1/2026,11/4/2015
15646513,Spyer,803,France,Male,42,0,1,1,0,196466.83,1,2/1/2026,10/10/2020
15672756,Mills,716,France,Female,35,112808.18,1,0,1,,0,2/1/2026,6/17/2017
15586880,P'eng,594,Germany,Male,41,122545.65,2,1,1,42050.24,0,2/1/2026,10/14/2023
15595766,Watts,527,Spain,Male,37,93722.73,2,1,1,139093.73,0,2/1/2026,12/12/2020
15812917,Kosisochukwu,653,Spain,Male,35,116662.96,2,1,1,23864.21,0,2/1/2026,11/20/2019
15769254,Tuan,757,Germany,Female,34,101861.36,2,0,0,187011.96,0,2/1/2026,6/2/2016
15630402,Nebechukwu,594,France,Female,31,0,1,0,1,5719.11,0,2/1/2026,2/23/2016
15807008,McGregor,614,Germany,Female,35,128100.28,1,0,0,69454.24,1,2/1/2026,3/8/2019
15607837,Muriel,746,France,Female,29,105599.67,1,1,1,43106.17,0,2/1/2026,2/28/2021
15591915,Frolov,533,France,Female,39,0,1,0,1,73669.94,1,2/1/2026,4/24/2023
15597951,Muir,471,France,Female,58,114713.57,1,1,1,36315.03,0,2/1/2026,11/29/2021
15714080,Goliwe,566,Germany,Female,40,97001.36,2,1,0,154486.01,0,2/1/2026,10/14/2023
15709368,Milne,614,France,Female,43,0,2,1,1,109041.53,0,2/1/2026,7/27/2019
15606274,Lori,594,Germany,Male,38,63176.44,2,1,1,14466.08,0,2/1/2026,1/22/2020
15730540,Simpson,794,Spain,Male,45,88656.37,2,1,0,116547.31,0,2/1/2026,12/13/2017
15813303,Rearick,513,Spain,Male,88,0,2,1,1,52952.24,0,2/1/2026,12/29/2015
15689425,Olejuru,687,Spain,Male,35,100988.39,2,1,0,22247.27,0,2/1/2026,10/29/2017
15736069,Hsing,767,Germany,Female,35,132253.22,1,1,0,115566.57,1,2/1/2026,11/3/2019
15609998,Okwudilichukwu,700,Germany,Female,59,137648.41,1,1,0,142977.05,1,2/1/2026,11/17/2020
15651674,Billson,438,Spain,Female,54,0,1,0,0,191763.07,1,2/1/2026,5/10/2023
15662955,Nicholls,697,France,Male,27,141223.68,2,1,0,90591.15,0,2/1/2026,4/12/2017
15620505,Celis,594,Spain,Female,24,97378.54,1,1,1,71405.17,0,2/1/2026,9/19/2025
15684171,Bianchi,660,,Female,61,155931.11,1,1,1,158338.39,0,2/1/2026,6/27/2020
15595440,Kryukova,508,France,Male,49,122451.46,2,1,1,75808.1,0,2/1/2026,11/6/2018
15780128,Ogbonnaya,705,France,Male,33,144427.96,2,1,0,113845.19,0,2/1/2026,9/29/2022
15727868,Onuora,711,France,Female,38,129022.06,2,1,1,14374.86,1,2/1/2026,5/6/2023
15592994,Zikoranachidimma,651,France,Female,65,0,2,1,1,190454.04,0,2/1/2026,4/20/2025
15711889,Mao,668,France,Male,42,150461.07,1,1,0,108139.23,0,2/1/2026,5/6/2022
15730735,Henning,713,France,Male,38,72286.84,2,1,1,26136.89,0,2/1/2026,2/28/2016
15747503,Hayward,705,Spain,Male,44,184552.12,1,1,0,68860.3,1,2/1/2026,5/27/2025
15599722,Chia,609,Spain,Female,43,86053.52,2,1,1,113276.46,1,2/1/2026,10/17/2019
15651369,Wright,626,France,Male,21,0,2,1,0,66232.23,0,2/1/2026,2/6/2024
15782530,Bruce,681,Spain,Male,30,111093.01,1,1,0,68985.99,0,2/1/2026,12/7/2023
15639077,Marchesi,622,France,Female,30,158584.82,3,1,0,142342.55,1,2/1/2026,3/17/2023
15758035,Bateson,747,France,Male,61,155973.13,1,0,1,147554.26,0,2/1/2026,3/19/2018
15612193,Hsia,762,Spain,Male,29,115545.33,2,1,0,148256.43,0,2/1/2026,2/21/2015
15766741,McIntyre,525,France,Male,36,114628.4,1,0,1,168290.06,0,2/1/2026,7/14/2023
15771977,T'ao,730,France,Female,39,99010.67,1,1,0,194945.8,0,2/1/2026,3/16/2024
15654901,Horton,733,France,Male,51,141556.96,1,1,0,130189.53,0,2/1/2026,12/13/2015
15642202,Whitfield,821,Germany,Female,37,106453.53,2,0,1,127413,0,2/1/2026,1/10/2021
15792176,Henty,698,Spain,Female,40,92053.44,1,1,1,,0,2/1/2026,9/22/2025
15643824,Johnston,637,France,Male,33,132255.99,2,0,1,74588.41,0,2/1/2026,5/12/2025
15745527,Burke,655,France,Male,37,93147,2,1,0,66214.13,0,2/1/2026,8/30/2020
15704442,Fleming,672,France,Female,53,169406.33,4,1,1,147311.47,1,2/1/2026,7/31/2016
15758639,Moran,641,France,Male,37,0,2,1,0,75248.3,0,2/1/2026,3/17/2018
15682639,Marshall,642,France,Male,32,0,2,1,1,88698.83,0,2/1/2026,6/16/2022
15782219,Fanucci,703,Spain,Male,29,0,2,1,0,50679.48,0,2/1/2026,7/4/2016
15697497,She,518,France,Female,45,105525.65,2,1,1,,0,2/1/2026,3/23/2016
15658057,Padovesi,812,Spain,Female,44,0,3,1,0,66926.83,1,2/1/2026,6/7/2017
15582741,Maclean,693,France,Female,35,124151.09,1,1,0,88705.14,1,2/1/2026,11/5/2020
15609562,MacDonald,774,Spain,Female,43,116360.07,1,1,0,17004.14,0,2/1/2026,12/5/2024
15639277,Lin,678,France,Female,41,0,1,0,0,13160.03,0,2/1/2026,3/25/2016
15599433,Fanucci,660,Germany,Male,35,58641.43,1,0,1,198674.08,0,2/1/2026,12/15/2017
15654700,Fallaci,523,France,Female,40,102967.41,1,1,0,128702.1,1,2/1/2026,8/25/2023
15693018,Ermakova,678,Germany,Male,23,115563.71,1,1,1,,0,2/1/2026,10/11/2015
15663826,Brim,532,Spain,Female,66,0,1,1,1,115227.02,0,2/1/2026,9/16/2022
15614034,Martin,607,Germany,Male,61,164523.5,2,1,1,35786.76,0,2/1/2026,10/14/2023
15769917,Onyekachi,673,Germany,Female,34,127122.79,3,0,1,,0,2/1/2026,10/1/2024
15570326,Wilkins,621,France,Male,34,0,2,1,1,99128.13,0,2/1/2026,7/7/2019
15654506,Chang,514,France,Male,32,0,2,1,0,95857.18,0,2/1/2026,6/16/2017
15772262,Vavilov,545,Germany,Male,37,110483.86,1,1,1,127394.67,0,2/1/2026,10/18/2016
15600337,Dobie,661,Spain,Male,42,178820.91,1,0,0,29358.57,1,2/1/2026,1/5/2024
15716024,Dennis,660,Spain,Male,42,0,2,1,0,115509.59,0,2/1/2026,11/6/2020
15806332,Le Gallienne,484,Spain,Female,39,0,2,1,1,175224.12,0,2/1/2026,1/9/2021
15707968,Akobundu,545,Spain,Male,36,73211.12,2,1,0,89587.34,1,2/1/2026,4/9/2017
15632256,Schroeder,541,France,Male,29,127504.57,1,0,0,86173.92,0,2/1/2026,11/21/2018
15755722,H?,554,France,Male,24,0,1,0,0,92180.62,0,2/1/2026,2/9/2015
15628205,Greco,571,Germany,Female,34,101736.66,1,0,1,195651.66,0,2/1/2026,7/20/2024
15752047,Trevisano,689,Germany,Male,33,161814.64,2,1,0,169381.9,0,2/1/2026,4/9/2023
15672056,Kenenna,710,Germany,Male,43,140080.32,3,1,1,157908.19,1,2/1/2026,12/19/2023
15807709,Kirby,714,Germany,Female,55,180075.22,1,1,1,100127.71,0,2/1/2026,8/26/2016
15684173,Chang,687,Spain,Female,44,0,3,1,0,155853.52,1,2/1/2026,3/10/2018
15649992,Alexander,681,Spain,Male,65,134714.7,2,0,1,190419.81,0,2/1/2026,5/27/2018
15779738,Buccho,534,France,Male,24,0,1,1,1,169653.32,0,2/1/2026,4/25/2024
15711455,Kuo,740,Germany,Female,36,109044.6,1,0,0,94554.74,1,2/1/2026,11/29/2021
15779182,Chia,790,Spain,Male,46,182364.53,1,0,0,139266.48,1,2/1/2026,9/12/2017
15670702,Smith,618,France,Male,37,168178.21,2,0,1,101273.23,0,2/1/2026,10/19/2023
15724223,Bronner,545,France,Female,55,0,1,0,0,10034.77,1,2/1/2026,8/3/2020
15637644,Hanson,667,France,Female,24,0,2,0,1,34335.55,0,2/1/2026,1/6/2022
15759537,Bianchi,717,Germany,Male,35,58469.37,2,1,1,172459.39,0,2/1/2026,4/23/2018
15571550,Dore,699,France,Male,39,0,1,1,0,80963.92,0,2/1/2026,2/19/2016
15726088,Vinogradova,476,France,Male,40,0,1,1,1,22735.45,0,2/1/2026,3/7/2019
15781307,Schneider,779,Germany,Male,37,120092.52,2,1,0,135925.72,0,2/1/2026,2/10/2018
15716822,Moen,646,France,Male,30,98014.74,1,1,1,12757.14,0,2/1/2026,8/20/2020
15650670,Bateson,567,Germany,Female,40,105222.86,2,1,0,93795.86,0,2/1/2026,10/13/2023
15637131,Fallaci,829,France,Male,38,0,2,1,0,30529.88,0,2/1/2026,7/2/2016
15624793,Soubeiran,627,Germany,Male,23,184244.86,1,1,0,103099.22,0,2/1/2026,12/4/2020
15638424,Glauert,661,Germany,Female,35,150725.53,2,0,1,113656.85,0,2/1/2026,10/11/2020
15630725,Johnson,649,France,Female,45,92786.66,1,1,0,173365.9,1,2/1/2026,2/15/2020
15731790,Boyle,697,Germany,Female,38,132591.36,1,1,1,7387.8,1,2/1/2026,7/7/2019
15727021,Obialo,727,Germany,Female,30,119027.28,2,1,1,137903.54,0,2/1/2026,10/14/2017
15765520,Stevenson,769,Germany,Male,27,188614.07,1,1,0,171344.09,0,2/1/2026,8/16/2018
15589380,Fraser,713,Germany,Male,40,114446.84,2,1,1,87308.18,0,2/1/2026,5/13/2022
15589358,Stanley,848,Germany,Male,31,90018.45,2,1,0,193132.98,0,2/1/2026,1/21/2022
15641690,Hsiao,681,Spain,Male,67,0,2,0,1,,0,2/1/2026,7/29/2018
15681956,Bailey,684,France,Male,34,0,2,1,1,65257.57,0,2/1/2026,11/10/2016
15797960,Skinner,806,Germany,Female,59,135296.33,1,1,0,182822.5,0,2/1/2026,6/19/2025
15592089,Larsen,788,France,Female,43,0,2,1,1,116111.51,0,2/1/2026,5/15/2015
15762198,Capon,812,France,Male,34,103818.43,1,1,1,,0,2/1/2026,4/16/2020
15644005,Holman,571,France,Female,33,0,2,0,1,77519.62,0,2/1/2026,1/11/2017
15786063,Chin,776,France,Female,31,0,2,1,1,112349.51,0,2/1/2026,3/9/2023
15680141,Yuan,759,Spain,Female,35,147936.42,1,1,1,106785.7,0,2/1/2026,7/15/2018
15763859,Brown,840,France,Female,43,0,2,1,0,90908.95,0,2/1/2026,8/19/2018
15716000,Hs?eh,638,Spain,Male,48,0,2,1,1,7919.08,0,2/1/2026,7/4/2023
15583725,Mairinger,682,France,Male,48,138778.15,1,0,1,168840.23,0,2/1/2026,2/22/2024
15717426,Armstrong,850,France,Male,36,0,1,1,1,40812.9,0,2/1/2026,4/9/2018
15798348,Chukwuebuka,600,Spain,Female,50,94684.27,1,1,1,50488.91,0,2/1/2026,6/8/2019
15660688,King,701,Spain,Female,35,0,2,0,0,170996.86,0,2/1/2026,1/21/2017
15619935,Vanmeter,783,Spain,Female,59,126224.87,1,1,1,4423.63,0,2/1/2026,10/25/2016
15800440,Power,650,Spain,Male,61,152968.73,1,0,1,82970.69,0,2/1/2026,9/27/2024
15669293,Hovell,517,France,Male,37,113308.84,1,0,1,31517.16,0,2/1/2026,2/2/2021
15690007,Ts'ui,434,Germany,Female,58,125801.03,2,1,0,60891.8,1,2/1/2026,4/1/2016
15571002,Yusupov,706,,Female,44,129605.99,1,0,0,69865.49,0,2/1/2026,7/13/2021
15812272,Ugonna,693,Germany,Male,44,124601.58,2,1,1,46998.13,1,2/1/2026,11/6/2020
15686164,Maclean,850,Germany,Female,31,108822.4,1,1,1,132173.31,0,2/1/2026,6/9/2024
15636589,Murray,794,France,Female,41,0,2,1,1,74275.08,0,2/1/2026,1/20/2019
15610337,Stephens,666,Spain,Male,35,104832.49,1,1,0,175015.12,0,2/1/2026,1/21/2024
15711789,Davey,768,Spain,Female,42,0,1,0,0,161242.99,1,2/1/2026,11/12/2022
15613656,Lombardi,842,France,Male,58,63492.94,1,1,1,83172.19,0,2/1/2026,3/9/2024
15577478,Ch'iu,714,France,Female,72,0,1,1,1,86733.61,0,2/1/2026,1/17/2023
15693737,Carr,627,Germany,Female,30,79871.02,2,1,0,129826.89,0,2/1/2026,9/24/2021
15651713,King,684,France,Male,45,148071.39,1,1,0,183575.01,0,2/1/2026,5/23/2019
15739046,Maggard,850,Spain,Female,23,143054.85,1,0,1,62980.96,0,2/1/2026,4/4/2016
15780124,Blair,841,France,Male,74,108131.53,1,0,1,60830.38,0,2/1/2026,2/26/2016
15740404,He,758,France,Female,34,0,2,1,1,124226.16,0,2/1/2026,11/20/2022
15669411,Muse,750,Germany,Female,52,107467.56,1,1,0,126233.18,1,2/1/2026,1/27/2020
15680346,Chuang,683,Spain,Male,40,0,1,1,0,75848.22,0,2/1/2026,3/31/2017
15787772,Hansen,759,France,Female,38,104091.29,1,0,0,91561.91,0,2/1/2026,4/29/2024
15614049,Hu,664,France,Male,55,0,2,1,1,139161.64,0,2/1/2026,7/7/2017
15789425,Marsden,694,Germany,Female,37,98218.04,2,1,0,182354.46,1,2/1/2026,9/3/2017
15774166,Mitchell,607,Germany,Female,24,109483.54,2,0,1,127560.77,0,2/1/2026,9/12/2023
15804002,Kovalev,691,France,Female,33,128306.83,1,1,1,113580.79,0,2/1/2026,3/13/2024
15602010,Zikoranaudodimma,850,Germany,Female,45,103909.86,1,1,0,60083.11,1,2/1/2026,11/23/2020
15804075,Chuang,628,Germany,Female,36,91286.51,1,1,0,63085.94,0,2/1/2026,6/11/2022
15612064,Tsou,474,France,Male,33,0,2,1,0,181945.52,1,2/1/2026,8/4/2020
15662291,Davidson,534,France,Female,55,116973.26,3,1,0,122066.5,1,2/1/2026,8/15/2017
15674811,Kellway,739,Germany,Male,29,59385.98,2,1,1,105533.96,0,2/1/2026,3/26/2022
15654654,L?,725,Germany,Female,33,115182.84,2,1,1,177279.41,0,2/1/2026,2/10/2018
15582944,Becker,425,Spain,Female,39,0,2,1,0,140941.47,0,2/1/2026,6/19/2020
15803457,Hao,750,France,Female,32,0,2,1,0,95611.47,0,2/1/2026,3/29/2020
15775741,Powell,608,France,Female,28,0,2,1,1,,0,2/1/2026,4/6/2016
15718779,Clark,780,France,Male,34,0,1,1,1,,0,2/1/2026,5/20/2024
15771702,Roberts,567,France,Female,35,166118.45,2,1,0,127827.18,0,2/1/2026,9/27/2020
15776233,Kruglova,758,Germany,Female,61,125397.21,1,1,0,182184.09,1,2/1/2026,12/28/2017
15750658,Obiuto,798,France,Male,37,0,3,0,0,110783.28,0,2/1/2026,10/5/2017
15723886,Fiore,767,Germany,Male,20,119714.25,2,0,1,150135.38,0,2/1/2026,10/8/2022
15674950,Ebelechukwu,544,Germany,Male,39,142406.43,2,1,0,146637.45,0,2/1/2026,6/25/2021
15588670,Despeissis,705,Spain,Female,40,203715.15,1,1,0,179978.68,1,2/1/2026,3/8/2020
15656121,Medvedeva,733,Germany,Male,31,157791.07,2,0,0,177994.81,0,2/1/2026,12/4/2019
15742358,Humphreys,696,Germany,Male,32,101160.99,1,1,1,115916.55,0,2/1/2026,11/7/2017
15710206,Larson,591,France,Female,39,150500.64,1,1,0,14928.8,0,2/1/2026,12/14/2021
15710366,Hamilton,569,Spain,Female,42,0,1,1,1,83629.6,1,2/1/2026,10/28/2024
15626742,Carpenter,694,France,Male,36,97530.25,1,1,1,117140.41,0,2/1/2026,7/27/2022
15762902,Stanley,649,France,Female,42,0,2,0,1,22974.01,0,2/1/2026,5/3/2018
15703205,Uwaezuoke,656,France,Female,46,113402.14,2,1,1,138849.06,0,2/1/2026,6/15/2020
15756920,Genovesi,576,France,Male,63,70655.48,1,0,0,78955.8,1,2/1/2026,9/17/2016
15635367,Muir,774,France,Male,26,93844.69,1,1,0,28415.36,0,2/1/2026,5/6/2023
15747358,Russell,643,Germany,Male,59,170331.37,1,1,1,,0,2/1/2026,2/19/2022
15790846,Ts'ai,634,Germany,Male,38,148430.55,1,1,1,56055.72,0,2/1/2026,11/13/2023
15801265,Tang,689,Spain,Female,45,57784.22,1,1,0,197804,1,2/1/2026,5/24/2025
15662736,Doyle,559,France,Male,49,147069.78,1,1,0,120540.83,1,2/1/2026,6/25/2023
15721181,Oliver,611,Spain,Male,46,0,2,1,0,45886.33,0,2/1/2026,8/1/2019
15573152,Glassman,620,France,Female,41,0,2,0,0,88852.47,0,2/1/2026,3/24/2016
15788448,Watson,490,Spain,Male,31,145260.23,1,0,1,114066.77,0,2/1/2026,8/17/2022
15680736,Milne,597,Germany,Female,72,124978.19,2,1,1,7144.46,0,2/1/2026,2/8/2019
15595221,Trevisano,850,Germany,Female,33,134678.13,1,1,0,113177.95,0,2/1/2026,2/28/2018
15713483,Greeves,793,Spain,Male,52,0,1,1,0,159123.82,1,2/1/2026,10/17/2023
15778190,Onyekaozulu,639,Spain,Female,28,97840.72,1,1,1,178222.77,0,2/1/2026,10/2/2017
15807923,Young,716,Germany,Female,39,115301.31,1,1,0,43527.4,1,2/1/2026,3/6/2015
15797736,Smith,658,France,Male,29,80262.6,1,1,1,20612.82,0,2/1/2026,12/17/2021
15774738,Campa,632,France,Male,44,107764.75,1,1,0,185667.72,0,2/1/2026,12/22/2022
15772781,Ball,703,France,Female,51,0,3,1,1,77294.56,1,2/1/2026,3/26/2022
15664150,Holland,528,Germany,Female,29,170214.23,2,1,0,49284,0,2/1/2026,5/6/2016
15625942,McDonald,619,Spain,Female,45,0,2,0,0,113645.4,0,2/1/2026,11/1/2025
15629150,Lucchese,721,France,Female,37,0,2,1,0,70810.8,0,2/1/2026,9/21/2024
15794014,Schofield,838,France,Female,34,0,2,1,0,27472.07,0,2/1/2026,5/1/2017
15747980,Cattaneo,737,Spain,Male,38,146282.79,2,1,0,198516.2,0,2/1/2026,6/15/2019
15797389,Hsia,604,Spain,Male,23,124577.33,1,1,1,7267.25,0,2/1/2026,8/11/2016
15671139,Brizendine,694,Spain,Male,39,107042.74,1,1,1,102284.2,0,2/1/2026,12/2/2025
15576945,Clements,582,France,Male,29,0,1,1,0,142516.35,0,2/1/2026,2/20/2025
15668472,Ritchie,705,Spain,Female,24,177799.83,2,0,0,79886.06,0,2/1/2026,5/1/2020
15753754,Morrison,587,Spain,Female,34,0,2,1,1,97932.68,0,2/1/2026,10/25/2024
15794874,Quinones,696,Spain,Male,41,127523.75,1,0,1,191417.42,0,2/1/2026,2/7/2016
15633233,McFarland,500,France,Male,56,100374.58,1,1,0,118490.8,1,2/1/2026,8/3/2024
15808017,Cary,545,France,Male,38,88293.13,2,1,1,24302.95,0,2/1/2026,8/7/2024
15660422,Chung,569,France,Male,28,0,2,1,0,73977.23,0,2/1/2026,10/21/2018
15763625,Hazon,793,Spain,Male,41,0,2,1,0,152153.74,0,2/1/2026,4/4/2016
15595303,Johnston,736,Germany,Male,46,130812.91,1,1,1,77981.54,1,2/1/2026,5/30/2020
15786200,Brock,564,France,Male,31,0,2,1,0,53520.03,0,2/1/2026,4/24/2021
15685309,Souter,669,France,Female,35,0,1,1,1,49108.23,1,2/1/2026,2/25/2018
15727546,Olejuru,762,France,Male,35,0,2,1,1,43075.7,0,2/1/2026,11/15/2016
15605275,Ofodile,725,Germany,Male,45,116917.07,1,0,0,173464.43,1,2/1/2026,7/7/2017
15808044,Ts'ui,580,France,Female,65,106804.26,3,1,0,107890.69,1,2/1/2026,11/17/2016
15746490,Wollstonecraft,648,Spain,Female,53,111201.41,1,1,1,121542.29,0,2/1/2026,12/8/2019
15605950,Onwuamaeze,530,Germany,Male,23,137060.88,2,1,1,165227.23,0,2/1/2026,10/7/2024
15641122,Wei,684,France,Male,30,0,2,1,0,83473.82,0,2/1/2026,9/10/2023
15714057,Windradyne,528,Spain,Male,40,0,2,1,0,25399.7,0,2/1/2026,8/13/2021
15773605,Iadanza,670,Spain,Female,32,0,2,1,0,46175.7,0,2/1/2026,4/7/2022
15686983,Rohu,678,Germany,Female,25,76968.12,2,0,1,131501.72,0,2/1/2026,4/22/2015
15624633,Kibby,702,France,Male,45,74989.58,1,1,1,171014.69,0,2/1/2026,3/23/2016
15750776,Genovese,850,France,Female,36,164850.54,1,1,1,62722.44,0,2/1/2026,12/2/2025
15795166,Creswell,618,Germany,Male,42,153572.31,2,1,1,76679.6,0,2/1/2026,8/1/2017
15713826,Ferguson,613,Germany,Female,20,117356.19,1,0,0,113557.7,1,2/1/2026,1/16/2026
15643696,Young,611,France,Male,49,0,2,1,1,142917.54,0,2/1/2026,4/11/2022
15661526,Anderson,815,Germany,Male,37,110777.26,2,1,0,2383.59,0,2/1/2026,7/3/2023
15721487,Pirogova,739,France,Female,27,0,1,1,1,57572.38,0,2/1/2026,6/16/2019
15598175,Toscani,592,Germany,Female,26,105082.07,2,1,0,132801.57,0,2/1/2026,3/23/2021
15755648,Pisano,675,France,Female,21,98373.26,1,1,0,18203,0,2/1/2026,6/28/2017
15565701,Ferri,698,Spain,Female,39,161993.89,1,0,0,90212.38,0,2/1/2026,2/28/2016
15806438,Chiabuotu,580,Germany,Female,42,123331.36,1,0,0,103516.08,1,2/1/2026,6/3/2023
15702669,Faulkner,663,Germany,Male,44,117028.6,2,0,1,144680.18,0,2/1/2026,3/17/2023
15664610,Campbell,459,Germany,Male,48,133994.52,1,1,1,19287.06,1,2/1/2026,4/15/2021
15616529,Hsieh,613,Spain,Male,34,0,1,1,1,41724.72,0,2/1/2026,4/12/2022
15799422,Evans,535,France,Female,40,0,1,1,1,27689.77,0,2/1/2026,4/11/2017
15573242,Greene,691,France,Male,50,136953.47,1,1,1,2704.98,0,2/1/2026,2/20/2019
15573452,Manning,663,Germany,Male,42,115930.87,1,1,0,19862.78,0,2/1/2026,7/7/2018
15650237,Morgan,754,Spain,Female,32,0,2,1,0,89520.75,0,2/1/2026,4/20/2018
15668445,Mai,521,France,Male,37,0,2,1,1,86372.24,0,2/1/2026,1/17/2024
15733768,Hou,600,France,Male,32,0,1,1,1,101986.16,0,2/1/2026,3/5/2024
15585961,Talbot,496,Spain,Female,43,0,2,0,1,199505.53,0,2/1/2026,7/21/2022
15784280,Reilly,686,Germany,Male,35,109342.82,2,0,1,86043.27,0,2/1/2026,9/5/2023
15650391,Wallace,633,France,Female,29,169988.35,1,1,0,4272,0,2/1/2026,6/7/2018
15676521,Y?an,696,France,Female,31,0,2,0,0,191074.11,0,2/1/2026,7/17/2017
15627697,Alekseyeva,662,France,Male,34,0,2,0,1,21497.27,0,2/1/2026,5/29/2023
15696900,Burns,505,Germany,Male,29,145541.56,2,1,1,58019.95,0,2/1/2026,4/17/2022
15655339,Spencer,566,France,Male,36,142120.91,1,1,0,79616.37,0,2/1/2026,2/3/2024
15611325,Wood,682,Germany,Male,24,57929.81,2,0,0,53134.3,0,2/1/2026,11/20/2016
15690678,Brooks,530,France,Female,33,129307.32,1,1,1,172930.28,0,2/1/2026,8/5/2021
15631681,Jibunoh,807,Spain,Female,43,0,2,0,1,85523.24,0,2/1/2026,8/27/2025
15714397,Trentino,621,Germany,Female,30,101014.08,2,1,1,165257.31,0,2/1/2026,1/13/2024
15650351,Millar,653,France,Female,38,102133.38,1,1,1,166520.96,0,2/1/2026,3/7/2017
15715667,Sorokina,850,France,Female,32,0,2,0,0,155227,0,2/1/2026,6/16/2018
15813850,Christian,720,France,Male,52,0,1,1,1,14781.12,0,2/1/2026,2/24/2018
15789484,Hammond,751,Germany,Female,36,169831.46,2,1,1,27758.36,0,2/1/2026,1/9/2020
15599660,Bennett,604,France,Male,36,116229.85,2,1,1,79633.38,0,2/1/2026,12/28/2019
15743007,Seabrook,643,France,Female,45,45144.43,1,1,0,60917.24,1,2/1/2026,5/9/2021
15730639,Fiorentino,715,France,Male,23,139224.92,2,1,0,65057.71,0,2/1/2026,12/25/2018
15590876,Knupp,764,France,Female,24,106234.02,1,0,0,115676.38,0,2/1/2026,11/26/2018
15799156,Okwuadigbo,569,Spain,Male,38,0,2,0,0,79618.79,0,2/1/2026,7/4/2017
15783955,Miah,697,France,Female,25,165686.11,2,1,0,15467.98,0,2/1/2026,7/24/2021
15616330,Liao,595,France,Male,31,0,2,1,0,189995.86,0,2/1/2026,7/19/2021
15589754,Malloy,652,Germany,Male,45,151421.44,1,0,1,115333.43,0,2/1/2026,1/29/2024
15674526,Byrne,725,France,Male,66,86459.8,1,1,1,141476.56,0,2/1/2026,3/13/2021
15788483,Kerr,719,Spain,Male,38,0,1,1,0,126876.47,0,2/1/2026,10/28/2025
15681705,Fanucci,785,France,Male,28,0,2,1,0,,0,2/1/2026,5/11/2017
15724623,Taubman,704,Germany,Female,24,113034.22,1,1,0,162503.48,1,2/1/2026,5/31/2018
15686870,Ball,761,Germany,Male,36,108239.11,2,0,0,99444.02,0,2/1/2026,11/12/2017
15598883,King,599,Spain,Female,37,0,2,1,1,143739.29,0,2/1/2026,12/9/2023
15744607,Martin,738,Germany,Male,43,121152.05,2,1,0,64166.7,1,2/1/2026,6/14/2016
15677020,Selezneva,570,France,Female,58,0,1,0,1,116503.92,1,2/1/2026,1/7/2018
15613172,Sun,628,Germany,Male,27,95826.49,2,1,0,155996.96,0,2/1/2026,5/6/2020
15742668,Day,626,Spain,Female,37,108269.37,1,1,0,5597.94,0,2/1/2026,7/26/2019
15766205,Yin,550,Germany,Male,38,103391.38,1,0,1,90878.13,0,2/1/2026,8/14/2023
15808473,Ringrose,673,France,Male,72,0,2,0,1,111981.19,0,2/1/2026,11/20/2024
15695475,Maclean,645,France,Male,29,130131.08,2,0,1,196474.35,0,2/1/2026,3/29/2024
15693683,Yuille,814,Germany,Male,29,97086.4,2,1,1,197276.13,0,2/1/2026,8/23/2017
15765518,Gregson,643,France,Female,51,105229.53,1,1,0,34967.75,1,2/1/2026,8/5/2023
15756472,Odinakachukwu,804,France,Male,25,108396.67,1,1,0,128276.95,0,2/1/2026,7/3/2018
15581229,Gregory,502,Germany,Female,32,173340.83,1,0,1,122763.95,0,2/1/2026,1/23/2025
15792722,Omeokachie,611,France,Female,43,64897.75,1,1,0,114996.33,0,2/1/2026,1/9/2018
15586310,Ting,578,France,Male,30,169462.09,1,1,0,112187.11,0,2/1/2026,2/3/2021
15590730,Hunt,745,Spain,Male,34,0,2,1,0,50046.25,0,2/1/2026,12/18/2016
15699389,Ch'ien,807,France,Male,42,118274.71,1,1,1,25885.72,0,2/1/2026,9/14/2018
15624388,Henderson,649,Germany,Female,50,155393.32,1,1,1,87351.42,1,2/1/2026,3/23/2020
15600734,Townsend,624,Spain,Male,51,174397.21,2,1,1,172372.63,0,2/1/2026,9/20/2020
15722902,Chizuoke,652,,Male,50,125437.64,1,1,1,17160.94,1,2/1/2026,5/25/2017
15670602,Burgess,790,Germany,Male,24,107418.27,1,0,1,,0,2/1/2026,6/12/2018
15729362,Lombardi,745,,Male,36,67226.37,1,1,0,130789.6,0,2/1/2026,6/24/2017
15722364,Onwumelu,664,France,Male,43,189026.53,2,1,1,56099.86,0,2/1/2026,2/8/2016
15662098,Palmer,650,Spain,Male,41,128808.65,3,0,0,113677.53,1,2/1/2026,1/1/2023
15645942,Macleod,689,Spain,Male,40,0,2,1,1,164768.82,0,2/1/2026,10/23/2023
15716023,Pearson,693,France,Male,31,0,2,0,1,182270.88,0,2/1/2026,4/10/2024
15573876,Chia,473,Spain,Male,48,0,2,1,0,71139.8,0,2/1/2026,12/15/2017
15671789,Woods,616,France,Male,31,94263.91,2,1,0,168895.06,0,2/1/2026,5/15/2022
15752375,Ojiofor,645,Germany,Male,33,149564.61,1,0,0,149913.84,0,2/1/2026,1/29/2018
15718153,Kao,759,Spain,Female,74,128917.84,1,1,1,48244.64,0,2/1/2026,6/16/2019
15629244,Bryant,635,Spain,Male,50,159453.64,2,0,0,54560.79,1,2/1/2026,7/7/2018
15698474,Sagese,601,Germany,Female,54,131039.97,2,1,1,199661.5,0,2/1/2026,3/11/2024
15634719,Chinwendu,704,France,Male,31,0,2,1,0,183038.33,0,2/1/2026,7/25/2025
15813741,Nnachetam,549,Spain,Male,25,193858.2,1,0,1,21600.11,0,2/1/2026,8/22/2019
15677305,Hsieh,490,France,Female,35,107749.03,1,1,1,3937.37,0,2/1/2026,12/12/2018
15779176,Dike,565,Germany,Female,58,108888.24,3,0,1,135875.51,1,2/1/2026,11/24/2022
15762937,Chiganu,743,Germany,Female,32,140348.56,2,1,1,163254.39,0,2/1/2026,8/7/2019
15629575,Wheare,717,France,Male,36,148061.89,1,1,0,179128.69,1,2/1/2026,8/23/2023
15689341,Gibbs,655,France,Female,50,0,4,1,0,179267.94,1,2/1/2026,9/27/2015
15594408,Chia,584,Spain,Female,48,213146.2,1,1,0,75161.25,1,2/1/2026,10/1/2023
15724145,William,616,Germany,Male,29,149318.55,1,1,0,140746.13,0,2/1/2026,10/16/2017
15600974,He,516,Spain,Male,50,0,1,0,1,146145.93,1,2/1/2026,7/1/2020
15769504,Munro,743,Germany,Female,34,131736.88,1,1,1,108543.21,0,2/1/2026,5/31/2024
15811762,Pickering,583,Germany,Female,54,115988.86,1,1,0,57553.98,1,2/1/2026,7/20/2019
15801767,Yin,784,Spain,Female,40,0,2,1,0,108891.3,0,2/1/2026,9/28/2017
15574910,Ferguson,601,France,Male,50,115625.07,1,1,0,185855.21,0,2/1/2026,11/14/2023
15682585,Guerra,593,France,Male,35,114193.24,1,1,0,71154.1,0,2/1/2026,8/24/2016
15614929,Cheng,508,Germany,Male,28,96213.82,2,1,0,147913.56,0,2/1/2026,6/18/2025
15589320,Sagese,699,Spain,Male,34,0,1,1,1,76510.46,0,2/1/2026,5/23/2017
15595917,Mackay,580,France,Female,35,102097.33,1,0,1,168285.85,0,2/1/2026,10/1/2024
15651093,Chien,707,France,Female,55,0,2,0,1,54409.48,0,2/1/2026,4/17/2024
15743976,Archer,618,Germany,Male,41,37702.79,1,1,1,195775.48,0,2/1/2026,7/5/2017
15709928,Niu,567,Spain,Female,41,0,2,1,0,3414.72,0,2/1/2026,7/12/2024
15655574,Okeke,698,Germany,Female,40,150777.1,1,1,0,114732.62,0,2/1/2026,10/29/2017
15634632,Titus,711,France,Male,38,0,2,1,0,68487.51,0,2/1/2026,6/8/2022
15665695,Potter,594,France,Female,49,0,2,1,1,23631.55,0,2/1/2026,6/29/2021
15621653,Rice,716,France,Female,29,87946.39,1,1,1,182531.74,0,2/1/2026,8/29/2015
15745543,Hughes,687,France,Male,39,0,2,1,0,26848.25,0,2/1/2026,11/28/2018
15730447,Anderson,629,France,Female,49,0,2,1,1,196335.48,0,2/1/2026,2/16/2021
15595324,Daniels,579,Germany,Female,39,117833.3,3,0,0,5831,1,2/1/2026,4/3/2020
15576644,Lin,687,Germany,Female,29,78939.15,1,1,0,122134.56,1,2/1/2026,10/17/2021
15672692,Yin,787,France,Female,42,145988.65,2,1,1,79510.37,0,2/1/2026,6/6/2015
15568360,Rolon,569,Spain,Female,41,139840.36,1,1,1,163524.7,0,2/1/2026,12/25/2021
15689147,Ogochukwu,652,France,Female,40,0,2,1,0,126554.96,0,2/1/2026,4/9/2024
15806447,Mazzanti,690,Germany,Male,32,106683.52,2,1,1,137916.49,0,2/1/2026,5/9/2025
15675896,Gough,680,Germany,Female,42,105722.69,1,1,1,90558.24,1,2/1/2026,9/25/2018
15651022,Yost,480,,Male,44,129608.57,1,1,0,5472.7,1,2/1/2026,8/9/2015
15617617,Stewart,811,Spain,Male,39,0,2,1,1,177519.39,0,2/1/2026,10/20/2018
15695129,Milanesi,718,France,Female,31,152663.77,1,0,1,17128.64,0,2/1/2026,12/19/2024
15683553,O'Brien,788,France,Female,33,0,2,0,0,116978.19,0,2/1/2026,9/9/2020
15698786,Marcelo,819,France,Female,39,133102.92,1,1,0,27046.46,1,2/1/2026,12/9/2016
15669342,Ferri,731,Germany,Male,35,127862.93,2,1,0,139083.7,0,2/1/2026,7/18/2023
15771139,Douglas,578,Germany,Male,34,147487.23,2,1,0,66680.77,0,2/1/2026,9/21/2017
15769051,Shaw,503,Spain,Male,25,0,1,0,1,192841.13,0,2/1/2026,2/7/2018
15807294,Walker,653,Spain,Female,30,88243.29,2,1,1,96658.26,0,2/1/2026,12/10/2023
15797276,Sturt,662,Spain,Female,41,90350.77,1,1,0,75884.65,1,2/1/2026,9/27/2021
15767432,Ts'ai,711,France,Female,25,0,3,1,1,9679.28,0,2/1/2026,1/21/2019
15734628,Lysaght,623,France,Female,35,0,2,1,0,101192.08,0,2/1/2026,4/18/2020
15584091,Pitts,742,Germany,Female,36,129748.54,2,0,0,47271.61,1,2/1/2026,8/10/2023
15678572,Keating,529,Spain,Male,38,99842.5,2,1,0,90256.06,1,2/1/2026,4/24/2018
15814268,Franklin,444,France,Female,40,84350.07,1,1,0,143835.76,0,2/1/2026,6/2/2020
15613772,Dalrymple,542,France,Male,39,135096.77,1,1,1,14353.43,1,2/1/2026,9/1/2022
15567486,Li,634,Spain,Female,41,0,2,1,1,164549.74,0,2/1/2026,12/25/2021
15667751,Herrera,487,Spain,Female,36,140137.15,1,1,0,194073.33,0,2/1/2026,7/18/2024
15745307,Ch'iu,477,Spain,Female,48,129120.64,1,0,1,26475.79,0,2/1/2026,9/25/2023
15782659,Mamelu,527,France,Male,32,0,1,1,0,109523.88,0,2/1/2026,2/4/2025
15661821,Johnstone,798,Germany,Female,49,132571.67,1,1,1,31686.33,1,2/1/2026,10/5/2020
15787907,Wang,719,Germany,Female,42,137227.04,3,1,0,149097.38,1,2/1/2026,10/17/2020
15694946,Hanson,663,France,Male,35,0,2,1,1,195580.28,0,2/1/2026,5/5/2016
15745827,Padovesi,617,France,Male,30,132005.77,1,1,0,142940.39,0,2/1/2026,11/11/2022
15615991,Udegbulam,654,France,Male,42,99263.09,1,1,1,67607.9,0,2/1/2026,7/19/2018
15568963,Naquin,674,Germany,Male,34,152797.9,1,1,0,175709.4,1,2/1/2026,12/18/2023
15585041,Ainsworth,511,France,Male,33,0,2,0,1,158313.87,0,2/1/2026,10/16/2018
15811327,Pan,700,Spain,Male,54,79415.67,1,0,1,139735.54,0,2/1/2026,12/8/2024
15637414,Gell,618,France,Female,24,128736.39,1,0,1,37147.61,0,2/1/2026,7/9/2018
15772892,Robertson,699,France,Female,49,0,1,0,0,105760.01,0,2/1/2026,6/18/2023
15678058,Ayers,584,France,Male,38,104584.16,1,1,0,176678.72,0,2/1/2026,6/15/2016
15645103,Su,812,Germany,Male,25,54817.55,1,1,0,131660.31,0,2/1/2026,1/2/2021
15795564,Moretti,737,Germany,Male,31,121192.22,2,1,1,,0,2/1/2026,5/31/2020
15596088,Fanucci,705,France,Female,50,77065.9,2,0,1,145159.26,0,2/1/2026,10/14/2021
15759618,Alexeeva,535,France,Female,48,0,1,1,0,149892.79,1,2/1/2026,5/20/2016
15573769,Fiorentini,764,France,Female,24,0,2,1,0,186105.99,0,2/1/2026,11/11/2018
15709846,Yeh,840,France,Female,39,94968.97,1,1,0,84487.62,0,2/1/2026,6/5/2024
15679611,Andrews,734,Spain,Female,37,130404.92,1,0,0,34548.74,0,2/1/2026,3/20/2023
15813590,Vance,610,Spain,Male,42,0,2,1,0,158302.59,1,2/1/2026,9/5/2019
15593773,Olejuru,784,Spain,Male,35,0,2,0,0,81483.64,0,2/1/2026,6/21/2022
15766575,Larionova,612,Germany,Female,62,140745.33,1,1,0,193437.89,1,2/1/2026,7/20/2017
15589195,Bluett,766,Germany,Female,38,130933.74,1,0,1,2035.94,0,2/1/2026,1/23/2019
15643024,Huang,479,Germany,Male,35,138718.92,1,1,1,47251.79,1,2/1/2026,9/27/2021
15600583,Garner,633,France,Male,31,0,1,1,0,48606.71,0,2/1/2026,6/27/2024
15603156,Elewechi,571,France,Female,33,0,2,1,0,102750.7,0,2/1/2026,12/12/2024
15566958,Li Fonti,667,Spain,Male,39,167557.12,1,1,1,41183.02,0,2/1/2026,2/10/2018
15610765,Onwumelu,559,France,Male,29,0,2,0,0,155639.76,0,2/1/2026,8/17/2024
15689081,Wu,692,France,Male,29,0,1,1,0,76755.99,1,2/1/2026,10/15/2021
15614215,Oguejiofor,717,France,Male,53,0,2,0,1,97614.87,0,2/1/2026,3/31/2019
15575417,Chou,849,Germany,Male,37,143452.74,2,1,1,17294.12,0,2/1/2026,9/29/2018
15730460,Oleary,722,France,Male,37,0,1,0,0,120906.83,0,2/1/2026,10/21/2023
15779659,Zetticci,625,France,Female,28,0,1,0,0,183646.41,0,2/1/2026,4/13/2022
15688007,Liu,703,Spain,Male,20,165260.98,1,1,1,,0,2/1/2026,10/30/2022
15678886,Golubev,679,Germany,Male,38,110555.37,2,1,0,46522.68,0,2/1/2026,4/27/2018
15723006,Gorbunova,489,France,Male,38,0,2,0,1,196990.79,0,2/1/2026,10/22/2017
15714567,Chan,568,Spain,Female,26,0,2,0,0,166495.2,0,2/1/2026,6/6/2019
15706365,Bianchi,648,France,Female,50,102535.57,1,1,1,189543.19,0,2/1/2026,4/23/2016
15803365,Coffee,653,Spain,Male,55,70263.83,1,0,1,62347.71,0,2/1/2026,7/24/2023
15727919,Chukwuemeka,671,Spain,Female,29,0,2,0,0,12048.67,0,2/1/2026,10/21/2019
15804610,Valdez,601,France,Female,41,0,2,0,1,160607.06,0,2/1/2026,4/1/2024
15723907,Lawless,712,Germany,Female,49,154776.42,2,0,0,196257.68,0,2/1/2026,11/14/2020
15701376,K'ung,668,Germany,Male,37,152958.29,2,1,1,159585.61,0,2/1/2026,10/31/2015
15614818,Trevisani,764,Spain,Female,33,168964.77,1,0,1,118982.51,0,2/1/2026,4/26/2016
15671322,Chiang,724,Germany,Male,30,115315.04,1,1,0,15216.53,0,2/1/2026,9/6/2018
15751710,Ginikanwa,729,Spain,Male,31,164870.81,2,1,1,,0,2/1/2026,3/10/2017
15580203,Kennedy,674,Spain,Male,39,120193.42,1,0,0,100130.95,0,2/1/2026,6/2/2019
15610156,Ma,637,France,Male,40,133463.1,1,0,1,93165.34,0,2/1/2026,4/9/2023
15775546,Laurens,517,Spain,Female,29,0,2,1,0,103402.88,0,2/1/2026,12/26/2020
15729668,Elizabeth,521,Spain,Male,29,60280.62,1,1,0,154271.41,0,2/1/2026,8/27/2022
15638149,Rowley,528,France,Male,37,103772.45,1,1,0,197111.99,0,2/1/2026,7/27/2019
15591969,Kuo,497,Spain,Male,27,75263.16,1,1,1,164825.04,0,2/1/2026,7/3/2016
15791102,Mai,549,Germany,Male,41,95020.8,3,1,1,131710.59,1,2/1/2026,6/5/2016
15808784,Hess,835,France,Male,28,163569.61,2,1,1,154559.28,0,2/1/2026,6/15/2023
15653849,Lu,572,Germany,Female,48,152827.99,1,1,0,38411.79,1,2/1/2026,10/11/2022
15663438,Andrejew,688,Spain,Male,36,89772.3,1,1,0,177383.68,1,2/1/2026,2/26/2025
15722010,Zuyev,621,Spain,Male,53,170491.84,1,1,0,35588.07,1,2/1/2026,5/21/2016
15658935,Freeman,630,,Female,34,106937.05,2,1,0,138275.01,0,2/1/2026,9/17/2016
15655238,Dellucci,668,France,Female,31,0,2,0,0,41291.73,0,2/1/2026,6/20/2016
15770424,Onyeorulu,541,Germany,Male,40,95710.11,2,1,0,49063.42,0,2/1/2026,3/15/2018
15736274,Prokhorova,751,France,Male,31,0,2,0,0,17550.49,0,2/1/2026,1/19/2018
15755868,Farmer,562,France,Male,35,0,1,0,0,48869.67,0,2/1/2026,8/11/2018
15745417,Knipe,707,France,Male,58,89685.92,1,0,1,126471.13,0,2/1/2026,5/2/2019
15695699,Calabrese,687,France,Male,35,0,2,1,0,10334.05,0,2/1/2026,12/14/2017
15752953,Chien,634,France,Male,45,0,2,0,0,17622.82,0,2/1/2026,4/20/2016
15604544,Manfrin,850,Germany,Male,40,166082.15,2,0,1,44406.17,0,2/1/2026,9/15/2021
15729599,Lorenzo,804,Spain,Male,33,76548.6,1,0,1,98453.45,0,2/1/2026,12/19/2018
15690188,Maclean,631,France,Male,33,0,1,1,1,58043.02,1,2/1/2026,1/6/2019
15586976,Alexeeva,566,France,Female,42,0,1,1,0,180702.12,1,2/1/2026,4/3/2019
15604348,Allard,710,Spain,Male,22,0,2,0,0,99645.04,0,2/1/2026,11/5/2017
15756875,Freeman,782,Spain,Male,34,147422.44,1,0,1,42143.61,0,2/1/2026,12/22/2019
15598088,Ni,559,Spain,Male,25,0,2,1,1,163221.22,0,2/1/2026,9/15/2020
15671124,Buccho,599,France,Male,25,120383.41,1,1,1,24903.09,0,2/1/2026,12/30/2019
15775234,Laurie,646,France,Male,24,0,2,0,0,92612.88,0,2/1/2026,3/9/2017
15637476,Alexandrova,683,Germany,Female,57,162448.69,1,0,0,922.78,1,2/1/2026,1/6/2021
15691446,Tokaryev,735,Spain,Male,29,0,2,1,1,95025.27,0,2/1/2026,10/13/2015
15815560,Bogle,666,Germany,Male,74,105102.5,1,1,1,46172.47,0,2/1/2026,2/10/2018
15601589,Baresi,675,France,Female,57,0,2,0,1,95463.29,0,2/1/2026,5/26/2017
15782591,Cook,690,France,Male,35,112689.95,1,1,0,176962.31,0,2/1/2026,8/15/2019
15646810,Quinn,603,Germany,Male,44,108122.39,2,1,0,108488.33,1,2/1/2026,6/20/2019
15725511,Wallace,559,France,Female,31,127070.73,1,0,1,160941.78,0,2/1/2026,4/14/2022
15662976,Lettiere,637,Spain,Male,37,0,1,1,1,186062.36,0,2/1/2026,5/29/2017
15625916,Chien,562,Spain,Male,32,161628.66,1,1,0,91482.5,0,2/1/2026,8/2/2019
15603216,Simpson,642,France,Male,25,0,2,1,0,102083.78,0,2/1/2026,4/30/2018
15677610,Chambers,511,Germany,Female,41,153895.65,1,1,1,39087.42,0,2/1/2026,7/3/2017
15711378,Willis,677,France,Male,38,0,2,1,0,187800.63,0,2/1/2026,6/8/2021
15613326,Gow,596,France,Female,33,138162.81,1,1,0,85412.54,0,2/1/2026,10/26/2024
15630910,Treacy,800,France,Female,49,108007.36,1,0,0,47125.11,0,2/1/2026,3/22/2018
15723411,Jamieson,607,Spain,Female,36,98266.3,1,1,1,46416.36,0,2/1/2026,10/21/2021
15621353,Hudson,645,Spain,Female,37,0,2,1,0,13589.93,0,2/1/2026,8/30/2018
15740164,Genovesi,715,France,Female,33,85227.84,1,1,1,68087.15,0,2/1/2026,10/31/2022
15591932,Ford,680,France,Male,32,92961.61,1,1,0,116957.6,0,2/1/2026,7/24/2020
15573112,Kang,602,Spain,Male,29,103907.28,1,1,0,,0,2/1/2026,9/10/2020
15668385,Dellucci,642,France,Male,40,154863.15,1,1,1,138052.51,0,2/1/2026,4/27/2024
15801548,Buckland,661,France,Female,31,144162.3,2,1,1,14490.79,0,2/1/2026,2/24/2018
15800326,Poole,717,Spain,Female,39,0,2,1,0,93275.61,0,2/1/2026,1/8/2020
15626485,Lu,601,France,Female,26,78892.23,1,1,1,23703.52,0,2/1/2026,7/18/2017
15651001,Tsao,725,Germany,Female,39,116803.8,1,1,0,124052.97,0,2/1/2026,11/21/2020
15593470,Tu,576,Germany,Female,36,166287.85,1,1,1,23305.85,0,2/1/2026,2/15/2017
15779247,Pai,683,Spain,Female,24,98567.1,1,1,0,187987.01,0,2/1/2026,10/5/2017
15752731,Millar,615,France,Female,30,0,1,1,0,87347.82,0,2/1/2026,12/14/2016
15668444,He,590,Spain,Female,44,139432.37,1,1,0,62222.81,0,2/1/2026,5/26/2022
15621432,Lee,630,Spain,Male,35,0,2,0,0,186826.22,0,2/1/2026,12/29/2024
15698932,Groves,756,Germany,Male,44,137452.09,1,1,0,189543.9,0,2/1/2026,2/7/2015
15810347,Todd,662,Spain,Female,30,0,2,0,1,157884.83,0,2/1/2026,4/23/2016
15760446,Pagnotto,598,France,Female,64,0,1,0,1,13181.37,1,2/1/2026,10/2/2016
15642394,He,529,Spain,Male,35,0,2,1,1,187288.5,0,2/1/2026,2/22/2020
15628674,Iadanza,844,France,Male,40,113348.14,1,1,0,31904.31,1,2/1/2026,1/1/2019
15774155,Trevisani,662,Germany,Male,33,103471.52,1,1,1,162703,0,2/1/2026,7/11/2025
15770719,Duncan,697,France,Female,39,151553.19,1,1,1,44946.29,0,2/1/2026,5/21/2019
15776223,Davide,597,France,Female,42,64740.12,1,1,1,106841.12,0,2/1/2026,3/7/2021
15750803,Jess,693,France,Female,30,127992.25,1,1,1,50457.2,0,2/1/2026,3/23/2019
15710928,McChesney,665,France,Female,55,136354.16,1,1,1,93769.89,0,2/1/2026,1/2/2018
15607713,Kaeppel,850,Spain,Female,29,0,2,1,1,197996.65,0,2/1/2026,11/1/2024
15633043,Fedorova,545,Spain,Female,39,0,1,0,0,38410.74,1,2/1/2026,6/14/2019
15674551,Fitch,535,Germany,Male,40,111756.5,1,1,0,8128.32,1,2/1/2026,8/31/2018
15811589,Metcalfe,716,Spain,Male,42,0,2,1,0,180800.42,0,2/1/2026,3/26/2017
15680998,Nwankwo,725,France,Male,44,0,1,1,1,117356.14,0,2/1/2026,6/3/2020
15810432,Moseley,795,Spain,Male,35,0,2,1,0,167155.36,0,2/1/2026,10/18/2017
15651533,Brown,570,Germany,Female,50,129293.74,1,1,0,177805.44,1,2/1/2026,1/10/2021
15625944,Buccho,664,France,Male,58,98668.18,1,1,1,60887.58,0,2/1/2026,12/1/2020
15660429,Ch'in,665,Spain,Female,42,156371.61,2,0,1,156774.94,1,2/1/2026,10/13/2023
15683403,Lombardi,611,Spain,Male,52,0,1,0,1,73585.18,1,2/1/2026,6/22/2018
15627262,Soto,536,Germany,Male,23,92366.72,2,1,0,120661.71,0,2/1/2026,6/18/2019
15814930,McGregor,588,Germany,Female,40,125534.51,1,1,0,121504.18,1,2/1/2026,2/27/2015
15724889,Chinweuba,665,Spain,Male,38,0,1,0,1,87412.74,0,2/1/2026,4/11/2016
15624428,Longo,651,Germany,Female,24,40224.7,1,1,1,178341.33,0,2/1/2026,1/23/2019
15653547,Madukwe,850,France,Male,56,131317.48,1,1,1,119175.45,0,2/1/2026,8/14/2018
15756475,Kenniff,551,Germany,Male,31,82293.82,2,1,1,91565.25,0,2/1/2026,2/5/2016
15589204,Farrar,591,France,Male,33,131765.72,1,1,0,118782.06,0,2/1/2026,6/20/2016
15642885,Gray,792,France,Male,30,0,2,1,0,199644.2,0,2/1/2026,4/23/2017
15581197,Ricci,762,France,Female,51,99286.98,1,0,1,85578.63,0,2/1/2026,8/30/2022
15680772,Hu,721,Spain,Female,36,0,2,1,1,106977.8,0,2/1/2026,5/29/2023
15573456,Cunningham,648,Spain,Male,46,127209,2,1,0,77405.95,1,2/1/2026,6/30/2016
15798659,Kennedy,526,Spain,Female,43,0,2,1,0,31705.19,0,2/1/2026,7/13/2022
15780628,Wu,633,France,Female,30,0,2,0,0,41642.29,0,2/1/2026,3/9/2019
15778157,Murray,598,Spain,Male,27,90721.52,2,1,0,109296.18,0,2/1/2026,10/30/2017
15657085,Gardiner,578,France,Male,23,88980.32,1,1,1,125222.36,0,2/1/2026,9/28/2015
15781210,Reid,711,France,Male,34,0,2,0,0,48260.19,0,2/1/2026,10/17/2017
15681554,Alley,614,Germany,Female,31,120599.38,2,1,1,46163.44,0,2/1/2026,5/16/2018
15798975,Doherty,606,Germany,Male,48,132403.56,1,0,0,,1,2/1/2026,12/12/2021
15658360,Gregory,762,Spain,Male,35,122929.42,2,0,0,149822.04,0,2/1/2026,9/12/2016
15771417,Thomas,640,France,Male,43,132412.38,1,0,0,69584.3,1,2/1/2026,5/13/2018
15647266,Y?an,651,Spain,Female,45,135923.16,1,1,0,18732.84,0,2/1/2026,9/23/2015
15706534,Enyinnaya,581,France,Female,47,122949.14,1,0,0,180251.68,1,2/1/2026,10/1/2024
15792222,Johnstone,712,France,Female,37,106881.5,2,0,0,169386.81,0,2/1/2026,8/19/2024
15579262,Shearston,497,France,Male,41,0,1,0,0,22074.48,0,2/1/2026,6/2/2016
15600110,Endrizzi,506,Germany,Female,41,57745.76,1,1,0,4035.46,0,2/1/2026,6/2/2022
15772777,Onyemachukwu,850,Spain,Female,29,0,2,1,1,94815.04,0,2/1/2026,9/30/2015
15668893,Wilsmore,782,France,Male,39,0,2,1,1,33949.67,0,2/1/2026,8/30/2017
15707114,Holder,831,France,Male,30,0,2,0,1,3430.38,0,2/1/2026,8/14/2023
15714939,Fallaci,484,Germany,Female,34,148249.54,1,0,1,33738.27,0,2/1/2026,11/4/2021
15613319,Rice,793,France,Female,33,0,1,0,0,175544.02,0,2/1/2026,6/28/2025
15576085,Stone,739,France,Male,41,0,2,0,0,143882.25,0,2/1/2026,11/17/2020
15750929,Burgess,702,Spain,Male,39,0,2,1,0,99654.13,0,2/1/2026,4/16/2017
15794870,Sal,744,Germany,Male,38,73023.17,2,1,0,78770.86,0,2/1/2026,12/17/2019
15769703,West,550,Germany,Female,45,111257.59,1,0,0,97623.42,1,2/1/2026,12/1/2017
15624510,Tien,696,France,Male,52,139781.06,1,1,0,27445.4,1,2/1/2026,12/19/2019
15686345,McCaffrey,828,Spain,Male,34,0,2,1,1,81853.98,0,2/1/2026,8/2/2016
15726186,Genovese,639,Spain,Male,29,133434.57,2,1,0,97983.44,0,2/1/2026,2/1/2022
15727915,Artemiev,507,France,Male,36,83543.37,1,0,0,140134.43,0,2/1/2026,7/15/2021
15699461,Fiorentini,515,Spain,Male,35,176273.95,1,0,1,121277.78,0,2/1/2026,2/7/2015
15755209,Fu,484,Spain,Female,35,133868.21,1,1,1,27286.1,0,2/1/2026,11/22/2018
15578603,Alexeieva,584,Germany,Female,54,77354.37,1,0,0,138192.98,1,2/1/2026,7/14/2024
15809663,Donaldson,583,France,Female,27,125406.58,1,1,1,,0,2/1/2026,8/20/2024
15705113,P'an,685,Spain,Male,34,83264.28,1,0,0,9663.28,0,2/1/2026,3/26/2019
15738828,Milano,730,Germany,Male,45,152880.97,1,0,0,162478.11,0,2/1/2026,1/25/2020
15705885,Smeaton,752,Spain,Male,36,0,2,1,1,45570.84,0,2/1/2026,11/7/2023
15673578,Page,611,Germany,Female,40,128486.91,2,1,0,10109.47,0,2/1/2026,4/22/2018
15733247,Stevenson,850,France,Male,33,0,1,1,0,4861.72,1,2/1/2026,8/24/2015
15575185,Bushell,757,Spain,Male,33,77253.22,1,0,1,194239.63,0,2/1/2026,3/18/2020
15682757,Pardey,734,France,Male,30,0,2,1,0,107640.25,0,2/1/2026,7/23/2022
15685844,White,518,Germany,Female,35,141665.63,1,0,1,192776.64,0,2/1/2026,4/13/2017
15596671,Endrizzi,603,Spain,Female,42,91611.12,1,0,0,144675.3,1,2/1/2026,10/2/2017
15812497,D'Albertis,654,Germany,Male,37,112146.12,1,1,0,75927.35,0,2/1/2026,12/13/2020
15670039,Sun,509,Spain,Female,25,108738.71,2,1,0,106920.57,0,2/1/2026,7/13/2022
15709295,Wall,697,Spain,Female,25,82931.85,2,1,1,128373.88,0,2/1/2026,10/14/2020
15581748,Shen,754,Germany,Male,57,101134.87,2,1,1,70954.41,0,2/1/2026,12/15/2023
15613189,Browne,774,France,Female,52,56580.93,1,1,0,113266.28,1,2/1/2026,8/2/2023
15596414,Chandler,796,Spain,Male,41,107525.07,1,1,0,18510.41,0,2/1/2026,7/16/2017
15595831,Shen,579,Germany,Female,64,145215.43,1,1,1,164083.72,0,2/1/2026,7/9/2019
15617934,Septimus,579,France,Male,36,129829.59,1,1,1,60906.12,0,2/1/2026,11/5/2016
15684548,Demidov,556,Spain,Male,38,0,2,0,0,417.41,1,2/1/2026,1/12/2018
15597896,Ozoemena,365,Germany,Male,30,127760.07,1,1,0,81537.85,1,2/1/2026,2/15/2025
15777797,Kovalyova,689,Spain,Male,38,75075.14,1,1,1,8651.92,1,2/1/2026,3/16/2020
15782941,Chijindum,573,France,Male,31,0,2,1,1,91957.39,0,2/1/2026,3/18/2023
15632575,Moore,559,France,Female,70,0,1,1,1,122996.76,0,2/1/2026,10/25/2016
15583456,Gardiner,745,Germany,Male,45,117231.63,3,1,1,122381.02,1,2/1/2026,2/8/2015
15809826,Craigie,728,France,Female,46,109705.52,1,1,0,20276.87,1,2/1/2026,9/7/2023
15732199,Gether,837,Spain,Male,31,104678.62,1,0,1,50972.6,0,2/1/2026,4/25/2016
15699005,Martin,710,France,Female,41,156067.05,1,1,1,9983.88,0,2/1/2026,6/19/2023
15602497,Honore,850,Spain,Male,39,133214.13,1,0,1,20769.88,0,2/1/2026,3/29/2019
15603851,Galkin,704,France,Male,32,127785.17,4,0,0,184464.7,1,2/1/2026,1/4/2019
15791836,Wildman,690,France,Male,29,0,2,1,0,108577.97,0,2/1/2026,7/9/2020
15587233,Donoghue,457,France,Male,41,73700.12,3,1,1,185750.02,1,2/1/2026,6/29/2017
15671591,Castiglione,439,Spain,Male,52,96196.24,4,1,0,198874.52,1,2/1/2026,3/29/2022
15682356,Veltri,655,France,Female,37,111852.84,2,1,0,10511.13,0,2/1/2026,5/18/2018
15707189,Marshall,667,Germany,Female,36,114391.62,1,1,1,53412.54,0,2/1/2026,3/21/2024
15702014,Jeffrey,555,Spain,Male,33,56084.69,2,0,0,178798.13,0,2/1/2026,2/22/2024
15619708,Harker,745,France,Male,25,157993.15,2,1,0,146041.45,0,2/1/2026,1/30/2021
15709441,Cocci,745,Spain,Female,59,0,1,1,1,36124.98,0,2/1/2026,4/8/2017
15701318,Poole,763,Spain,Male,67,148564.66,1,0,1,87236.4,0,2/1/2026,5/1/2016
15790497,Ross,503,Spain,Male,37,0,2,0,0,136506.86,0,2/1/2026,3/1/2019
15680278,Ts'ai,661,Spain,Female,42,75361.44,1,1,0,27608.12,1,2/1/2026,9/20/2016
15694860,Uspensky,675,France,Female,38,68065.8,1,0,0,138777,1,2/1/2026,12/25/2019
15756305,Marchesi,515,France,Female,66,0,2,1,1,160663.11,0,2/1/2026,2/2/2020
15700657,Thornton,641,Germany,Female,40,110086.69,1,1,0,159773.14,0,2/1/2026,11/3/2023
15704583,Chikwado,651,France,Male,56,0,1,1,0,114522.68,1,2/1/2026,6/13/2023
15710743,Onwuamaeze,621,France,Male,47,0,1,1,1,133831.37,1,2/1/2026,3/6/2025
15574842,Lorenzo,653,Germany,Female,25,158266.42,3,1,1,199357.24,0,2/1/2026,9/9/2023
15716994,Green,559,Spain,Male,24,114739.92,1,1,0,85891.02,1,2/1/2026,10/22/2022
15709396,Hale,801,France,Male,42,0,2,1,1,95804.33,0,2/1/2026,11/23/2019
15568982,Hao,726,France,Female,24,0,2,1,1,54724.03,0,2/1/2026,8/25/2019
15777639,McGregor,595,Spain,Female,23,101126.66,2,0,0,37042.8,0,2/1/2026,7/29/2015
15803689,Begum,647,Germany,Female,51,119741.77,2,0,0,54954.51,1,2/1/2026,3/2/2024
15747222,Bentley,745,Spain,Female,35,0,2,1,1,116581.1,0,2/1/2026,6/7/2017
15607040,P'an,593,Spain,Female,38,88736.44,2,1,0,67020.03,0,2/1/2026,6/18/2021
15727299,Edgar,445,Spain,Male,62,64119.38,1,1,1,76569.64,1,2/1/2026,5/2/2024
15727696,Zubareva,592,France,Male,42,147249.29,2,1,1,63023.02,0,2/1/2026,8/21/2024
15681550,Lablanc,614,France,Female,41,121558.46,1,1,1,598.8,0,2/1/2026,8/13/2017
15624188,Chiu,712,France,Female,33,0,2,1,1,190686.16,0,2/1/2026,9/3/2019
15683521,Godfrey,594,Germany,Male,28,142574.71,2,1,0,129084.82,0,2/1/2026,12/29/2025
15600258,Chesnokova,701,France,Male,43,0,2,1,1,165303.79,0,2/1/2026,3/3/2023
15723685,Ekechukwu,601,Germany,Female,26,105514.69,2,1,0,50070.59,0,2/1/2026,1/7/2019
15752463,Samuel,826,Spain,Female,29,129938.07,1,0,1,190200.53,0,2/1/2026,5/31/2021
15578761,Cunningham,459,Spain,Female,42,129634.25,2,1,1,177683.02,1,2/1/2026,1/20/2020
15570943,Artemyeva,711,Germany,Female,35,133607.75,1,1,1,120586.32,0,2/1/2026,4/4/2023
15693199,Shao,739,France,Female,37,0,2,1,0,191557.1,1,2/1/2026,5/7/2017
15624729,Tsao,594,France,Male,27,197041.8,1,0,0,151912.49,0,2/1/2026,4/5/2025
15585282,Trevisano,755,France,Male,62,127706.33,2,0,1,142377.69,0,2/1/2026,8/20/2024
15723299,Sorokina,774,France,Male,53,113709.28,1,1,1,153887.93,1,2/1/2026,9/23/2021
15590268,Chu,529,Spain,Male,35,95772.97,1,1,1,112781.5,0,2/1/2026,9/22/2020
15729956,Akabueze,726,Spain,Female,26,80780.16,1,1,1,19225.85,0,2/1/2026,10/24/2024
15800062,Lanford,850,Spain,Male,49,0,1,0,0,25867.67,1,2/1/2026,6/24/2017
15715031,Davidson,600,France,Female,28,0,2,0,1,52193.23,0,2/1/2026,8/24/2019
15699637,Anenechi,694,Spain,Male,57,116326.07,1,1,1,117704.65,0,2/1/2026,2/27/2017
15730059,Udobata,638,Spain,Male,44,77637.35,2,1,1,111346.22,0,2/1/2026,11/14/2016
15650034,Kudryashova,564,France,Female,28,0,1,1,1,162428.05,0,2/1/2026,7/21/2024
15607170,Boyle,699,France,Male,35,0,2,1,1,78397.24,0,2/1/2026,9/21/2020
15800703,Madukwe,485,Spain,Female,21,113157.22,1,1,1,54141.5,0,2/1/2026,8/12/2020
15633064,Stonebraker,438,France,Female,36,0,2,1,0,64420.5,0,2/1/2026,1/26/2022
15625021,Hung,585,France,Male,42,0,2,1,1,18657.77,0,2/1/2026,6/28/2023
15629338,Collingridge de Tourcey,658,Spain,Female,31,36566.96,1,1,0,103644.98,1,2/1/2026,8/6/2023
15724334,Alekseyeva,529,France,Male,22,0,1,1,0,151169.83,0,2/1/2026,9/29/2020
15672598,Walker,613,Spain,Male,30,111927.45,1,1,1,175795.87,0,2/1/2026,6/27/2016
15682533,Hughes,850,France,Female,39,79259.99,1,0,1,186910.74,0,2/1/2026,10/23/2018
15791991,Udinesi,773,France,Male,52,0,1,0,1,144113.42,0,2/1/2026,9/20/2021
15709737,Hunter,643,France,Male,36,161064.64,2,0,1,84294.82,0,2/1/2026,9/26/2018
15710164,P'eng,523,France,Female,73,0,2,0,0,,1,2/1/2026,4/24/2018
15814846,Ozerova,691,France,Male,52,0,1,1,0,175843.68,1,2/1/2026,12/13/2022
15756056,Ku,561,Spain,Female,28,0,2,1,0,191387.76,0,2/1/2026,6/16/2022
15580845,Chienezie,685,Germany,Male,57,101868.51,1,0,1,113483.96,0,2/1/2026,5/28/2018
15784092,Henderson,732,France,Male,36,126195.81,1,1,1,133172.48,0,2/1/2026,11/18/2018
15603088,Rossi,451,Spain,Female,23,0,2,0,1,48021.71,0,2/1/2026,11/3/2016
15733119,Mistry,718,France,Male,35,0,2,1,0,94820.85,0,2/1/2026,5/26/2017
15758056,Calabresi,558,France,Male,35,0,2,0,0,111687.57,0,2/1/2026,3/28/2024
15576269,Madison,523,Spain,Male,34,0,2,1,0,62030.06,0,2/1/2026,1/4/2019
15573280,Gallagher,646,Germany,Male,50,145295.31,2,1,1,27814.74,0,2/1/2026,4/9/2019
15566708,Chidalu,444,France,Female,45,0,2,1,0,161653.5,1,2/1/2026,4/4/2021
15707567,Esposito,732,Germany,Male,50,145338.76,1,0,0,91936.1,1,2/1/2026,2/22/2019
15635728,P'an,693,France,Male,41,0,2,0,0,156381.47,0,2/1/2026,3/1/2021
15687738,Nwagugheuzo,535,France,Female,38,0,2,1,0,136620.64,0,2/1/2026,10/16/2017
15734674,Lin,593,France,Female,41,0,1,1,0,65170.66,0,2/1/2026,7/10/2019
15762803,Innes,509,France,Male,31,0,2,1,0,15360.91,0,2/1/2026,8/11/2022
15661974,Pirozzi,677,France,Male,46,57037.74,1,1,1,158531.01,0,2/1/2026,4/12/2023
15812009,Grant,662,Spain,Male,38,0,2,1,0,136259.65,0,2/1/2026,5/26/2021
15589018,Padilla,719,Germany,Male,28,106070.29,2,1,1,183893.31,0,2/1/2026,6/3/2022
15647099,Ts'ui,633,France,Female,37,156091.97,1,1,0,72008.61,0,2/1/2026,8/20/2016
15767793,Hsu,819,France,Female,38,0,2,1,0,30498.7,0,2/1/2026,4/5/2015
15587735,Chukwuebuka,850,France,Male,39,96863.13,1,1,1,121681.19,0,2/1/2026,9/29/2019
15760085,Calabresi,684,Germany,Female,48,126384.42,1,1,1,198129.36,0,2/1/2026,3/21/2015
15800116,Bowman,712,Germany,Male,28,145605.44,1,0,1,93883.53,0,2/1/2026,7/16/2021
15785869,Pisano,718,France,Female,25,0,2,1,0,30380.12,0,2/1/2026,12/25/2018
15631333,Wade,677,Spain,Female,25,130866.19,1,1,0,42410.21,0,2/1/2026,12/19/2017
15776467,De Salis,702,Spain,Female,35,14262.8,2,1,0,54689.16,0,2/1/2026,3/6/2017
15760861,Phillipps,619,France,Male,43,125211.92,1,1,1,113410.49,0,2/1/2026,10/7/2024
15773039,Ku,550,France,Male,37,0,1,1,1,179670.31,0,2/1/2026,9/24/2022
15724848,Oluchukwu,516,France,Female,46,104947.72,1,1,0,115789.25,1,2/1/2026,11/20/2024
15601688,Piccio,546,France,Male,28,0,1,1,0,159254.29,0,2/1/2026,10/9/2017
15585388,Sherman,660,Germany,Male,31,125189.75,2,1,1,139874.43,0,2/1/2026,2/6/2016
15583090,Komar,581,Spain,Female,29,0,2,1,0,46735.19,0,2/1/2026,12/25/2017
15790235,Hsing,778,Spain,Male,40,104291.41,2,1,1,117507.11,0,2/1/2026,4/3/2017
15700212,Shih,475,France,Female,46,0,2,0,0,122953,1,2/1/2026,3/29/2015
15688713,McCall,627,Spain,Male,44,0,1,1,1,114469.55,0,2/1/2026,11/5/2019
15665238,Beneventi,745,Germany,Male,36,145071.24,1,0,0,6078.46,0,2/1/2026,3/22/2017
15641582,Chibugo,735,,Male,43,123180.01,2,1,1,196673.28,0,2/1/2026,2/22/2015
15758726,Chiemeka,588,France,Female,24,0,2,1,1,140586.08,0,2/1/2026,2/27/2025
15630241,Tretyakova,594,France,Male,61,62391.22,1,1,1,192434.11,0,2/1/2026,12/2/2022
15701164,Onyeorulu,506,France,Female,34,90307.62,1,1,1,159235.29,0,2/1/2026,3/1/2021
15647091,Endrizzi,725,Germany,Male,19,75888.2,1,0,0,45613.75,0,2/1/2026,6/27/2025
15671917,Wade,666,France,Male,46,123873.19,1,1,1,177844.06,0,2/1/2026,8/8/2020
15696859,Oldham,474,France,Male,45,0,2,0,0,172175.9,0,2/1/2026,1/29/2016
15778135,T'ao,575,Spain,Male,43,0,1,1,0,83594.51,0,2/1/2026,8/6/2022
15717164,Genovese,485,Spain,Male,32,102238.01,2,1,1,194010.12,0,2/1/2026,11/29/2019
15774857,Synnot,460,France,Female,27,0,2,1,0,156150.08,1,2/1/2026,5/24/2018
15791279,Murray,701,France,Male,40,169742.64,1,1,1,153537.55,1,2/1/2026,7/7/2020
15724466,Swearingen,744,Germany,Female,41,84113.41,1,1,0,197548.63,0,2/1/2026,4/9/2023
15654390,He,640,France,Male,33,154575.76,1,1,0,25722.28,1,2/1/2026,1/4/2019
15748123,Chienezie,613,France,Male,20,0,2,1,1,149613.77,0,2/1/2026,6/16/2022
15709338,T'ao,544,France,Female,29,118560.55,1,1,1,164137.36,0,2/1/2026,6/29/2024
15641114,Power,701,France,Male,37,130091.5,1,1,1,120031.29,0,2/1/2026,5/9/2017
15716835,Rossi,546,France,Male,24,156325.38,1,1,1,125381.02,0,2/1/2026,2/26/2017
15689616,Ward,586,Spain,Male,34,168094.01,1,0,0,20058.61,0,2/1/2026,2/23/2020
15572461,Kung,663,Germany,Female,29,102714.65,2,0,0,21170.81,0,2/1/2026,12/20/2021
15692671,Dobson,701,Spain,Male,36,0,2,1,0,169161.46,0,2/1/2026,5/30/2017
15787655,Chu,707,France,Male,47,0,2,1,0,174303.29,0,2/1/2026,6/3/2022
15753831,Cox,642,Spain,Male,32,100433.8,1,1,1,39768.59,0,2/1/2026,6/18/2018
15586974,Pearce,656,France,Male,39,0,2,1,1,98894.64,0,2/1/2026,3/10/2015
15735222,Ignatieff,705,Spain,Female,23,0,2,1,1,73131.73,0,2/1/2026,12/26/2020
15782574,Warner,624,Spain,Male,33,0,2,0,0,76551.7,0,2/1/2026,9/28/2019
15772243,MacDonald,612,France,Female,33,0,1,0,0,142797.5,1,2/1/2026,3/7/2016
15754537,Ko,748,France,Male,40,0,1,0,0,60416.76,0,2/1/2026,8/13/2025
15704250,Akabueze,506,France,Male,34,0,2,0,0,115842.1,0,2/1/2026,12/18/2018
15802486,Hayes,488,France,Male,34,0,2,1,1,125979.36,0,2/1/2026,10/11/2022
15572467,Chandler,506,France,Male,37,0,2,1,1,127543.81,0,2/1/2026,1/25/2021
15764419,Langdon,730,France,Male,27,0,2,1,1,116081.93,0,2/1/2026,9/26/2020
15594720,Scott,460,Germany,Female,35,102742.91,2,1,1,189339.6,0,2/1/2026,10/18/2017
15653696,Goliwe,515,France,Female,28,0,2,0,0,94141.75,0,2/1/2026,12/30/2016
15734565,Hughes,696,France,Male,29,0,2,1,0,191166.09,0,2/1/2026,9/4/2017
15619304,Onio,502,France,Female,42,159660.8,3,1,0,113931.57,1,2/1/2026,11/13/2017
15757931,Fang,804,France,Male,24,0,2,1,0,173195.33,0,2/1/2026,11/4/2022
15737795,Scott,512,Spain,Male,36,0,1,0,1,135482.26,1,2/1/2026,3/1/2024
15627876,Pavlova,719,Spain,Female,47,116393.59,1,1,0,63051.32,1,2/1/2026,11/14/2016
15587535,Onyemauchechukwu,450,Spain,Female,46,177619.71,1,1,0,54227.06,0,2/1/2026,12/2/2020
15749851,Brookes,702,Spain,Female,26,135219.57,1,0,1,59747.63,0,2/1/2026,12/19/2021
15697879,Webb,701,France,Male,30,156660.72,2,1,0,45742.42,0,2/1/2026,2/16/2022
15785611,Onyeoruru,752,Germany,Male,38,183102.29,1,1,1,71557.12,0,2/1/2026,6/3/2022
15646764,Lorenzo,617,Germany,Female,58,119024.75,2,1,0,35199.24,1,2/1/2026,2/23/2022
15594902,Lombardi,518,France,Male,38,90957.81,1,0,1,162304.59,0,2/1/2026,7/15/2022
15622003,Carslaw,745,France,Male,35,92566.53,2,1,0,161519.77,0,2/1/2026,12/31/2016
15779059,Timms,670,France,Female,38,119624.54,2,1,1,110472.12,0,2/1/2026,11/29/2021
15643438,P'eng,850,France,Male,20,0,2,1,0,31288.77,0,2/1/2026,5/11/2018
15683930,Ch'iu,593,Germany,Female,32,134096.53,2,1,0,,1,2/1/2026,5/3/2016
15625904,Wang,624,France,Male,26,74681.9,2,0,0,31231.35,0,2/1/2026,12/20/2016
15614878,Yeh,660,Germany,Female,29,180520.29,1,1,1,123850.58,0,2/1/2026,8/27/2019
15702968,Artemieva,733,Germany,Male,74,106545.53,1,1,1,134589.58,0,2/1/2026,12/27/2022
15658306,Lo,693,France,Male,68,97705.99,1,1,1,61569.07,0,2/1/2026,2/19/2021
15619360,Hsiao,472,Spain,Male,40,0,1,1,0,70154.22,0,2/1/2026,3/2/2021
15668032,Buchanan,577,France,Female,37,0,1,1,1,79881.39,0,2/1/2026,9/13/2021
15646558,Clamp,611,Spain,Male,51,122874.74,1,1,1,149648.45,0,2/1/2026,10/27/2024
15685372,Azubuike,350,Spain,Male,54,152677.48,1,1,1,191973.49,1,2/1/2026,11/1/2024
15725664,Wallace,549,France,Female,38,107283.4,1,0,0,157442.75,0,2/1/2026,10/29/2017
15755649,Winter-Irving,584,Germany,Male,47,130538.77,1,1,0,92915.84,0,2/1/2026,10/2/2018
15636982,Weller,705,Germany,Female,43,79974.55,1,1,1,103108.33,0,2/1/2026,5/25/2018
15622494,Mazzanti,718,France,Male,27,0,2,0,0,,0,2/1/2026,11/9/2023
15685829,McKay,551,France,Male,37,0,2,1,1,50578.4,0,2/1/2026,3/3/2022
15797595,Greenhalgh,709,France,Female,40,131569.63,1,1,1,103970.58,0,2/1/2026,3/5/2016
15754177,Bazarova,712,Spain,Male,53,111061.01,2,0,0,26542.17,0,2/1/2026,3/18/2023
15590146,Mao,630,France,Male,50,81947.76,1,0,1,63606.22,1,2/1/2026,12/26/2024
15644962,Connolly,745,France,Male,21,137910.45,1,1,1,177235.23,0,2/1/2026,2/20/2021
15678146,Wong,668,Spain,Female,24,173962.32,1,0,0,106457.11,1,2/1/2026,6/16/2018
15597131,Fu,415,France,Male,32,145807.59,1,1,1,3064.65,0,2/1/2026,6/16/2020
15663939,Arnott,523,Germany,Male,35,138782.76,1,1,1,186118.93,0,2/1/2026,11/23/2017
15722578,Spitzer,685,Germany,Female,21,97956.5,1,1,1,164966.27,0,2/1/2026,5/7/2019
15584766,Knight,557,,Male,33,54503.55,1,1,1,371.05,0,2/1/2026,11/16/2022
15768193,Trevisani,585,Germany,Male,36,146050.97,2,0,0,86424.57,0,2/1/2026,9/19/2020
15711219,Jennings,788,Germany,Female,57,93716.72,1,1,1,180150.49,1,2/1/2026,4/6/2017
15681068,Chinagorom,796,France,Female,45,109730.22,1,1,1,123882.73,0,2/1/2026,3/1/2023
15634281,P'an,720,Germany,Female,43,110822.9,1,0,0,,0,2/1/2026,2/5/2015
15589224,Moore,596,Spain,Male,41,0,2,0,1,141053.85,0,2/1/2026,6/3/2020
15622911,Jude,759,France,Male,42,105420.18,1,0,1,121409.06,0,2/1/2026,11/13/2021
15640846,Chibueze,546,Germany,Female,58,106458.31,4,1,0,128881.87,1,2/1/2026,10/20/2022
15664754,Steele,640,Germany,Male,39,131607.28,4,0,1,6981.43,1,2/1/2026,5/8/2016
15761374,Bellucci,706,France,Male,54,117444.51,1,1,1,186238.85,0,2/1/2026,10/6/2016
15737506,Tretiakova,645,France,Male,42,0,1,0,0,149807.01,0,2/1/2026,5/16/2019
15795519,Vasiliev,716,Germany,Female,18,128743.8,1,0,0,197322.13,0,2/1/2026,5/23/2022
15784301,Wang,850,France,Male,42,0,2,1,0,44165.84,0,2/1/2026,1/12/2026
15762745,Macvitie,648,Spain,Male,32,0,1,1,0,133653.38,0,2/1/2026,7/21/2017
15623430,Hill,672,France,Male,34,0,2,1,0,161800.77,0,2/1/2026,4/21/2016
15616700,Leach,622,Spain,Female,41,0,2,1,1,155786.39,0,2/1/2026,6/5/2016
15747960,Eluemuno,733,France,Male,33,0,1,1,1,7666.73,0,2/1/2026,12/1/2022
15815490,Cocci,670,Germany,Male,40,164948.98,3,0,0,177028,1,2/1/2026,12/30/2023
15813067,Williams,432,Germany,Female,45,110219.14,1,1,0,43046.7,1,2/1/2026,2/2/2023
15694192,Nwankwo,598,Spain,Female,38,0,2,0,0,173783.38,0,2/1/2026,10/30/2019
15580146,Hung,738,France,Male,31,82674.15,1,1,0,41970.72,0,2/1/2026,4/3/2016
15590606,Saunders,595,France,Male,41,0,2,1,0,5967.09,0,2/1/2026,8/6/2016
15692132,Wilkinson,717,Spain,Female,22,101060.25,1,0,1,84699.56,0,2/1/2026,10/22/2019
15642291,Fontaine,685,France,Male,23,0,2,1,1,112239.03,0,2/1/2026,7/24/2017
15757408,Lo,655,Spain,Male,38,250898.09,3,0,1,81054,1,2/1/2026,12/8/2022
15575492,Kennedy,828,France,Female,41,0,2,1,0,171378.77,0,2/1/2026,1/18/2019
15762218,Mills,701,France,Female,39,0,2,0,1,145894.9,0,2/1/2026,2/13/2016
15587913,Palerma,748,Spain,Female,40,0,2,1,0,132368.47,0,2/1/2026,4/16/2021
15613097,Kao,605,France,Female,33,0,2,0,1,83700.66,0,2/1/2026,1/22/2022
15596493,Wisdom,687,France,Female,47,0,2,1,1,,0,2/1/2026,5/29/2018
15745196,Verco,571,France,Female,35,0,2,0,0,84569.13,0,2/1/2026,12/2/2017
15599289,Yeh,724,France,Female,37,68598.56,1,1,0,157862.82,0,2/1/2026,7/16/2015
15573893,Barry,569,Germany,Male,25,173459.45,2,1,1,44381.06,0,2/1/2026,9/13/2016
15724858,Begum,688,France,Female,54,0,1,1,0,191212.63,1,2/1/2026,12/1/2016
15638355,Woods,658,France,Female,35,126397.66,1,0,0,156361.58,1,2/1/2026,11/11/2020
15798850,Goddard,576,France,Male,32,0,2,1,0,4660.91,0,2/1/2026,7/6/2018
15585533,Calabrese,679,France,Male,36,147733.64,1,0,1,172501.38,0,2/1/2026,4/5/2019
15803976,Efremov,694,France,Female,31,0,2,1,0,160990.27,0,2/1/2026,4/5/2015
15581840,DeRose,626,France,Male,33,0,2,1,0,138504.28,0,2/1/2026,11/7/2017
15749019,Wong,545,Germany,Male,45,93796.42,2,1,1,162321.26,0,2/1/2026,6/10/2019
15704746,Inman,699,Spain,Male,35,167455.66,2,1,1,55324.49,0,2/1/2026,7/19/2023
15676519,George,615,Spain,Male,61,0,2,1,0,150227.85,1,2/1/2026,11/6/2016
15781465,Schofield,675,Germany,Female,29,121326.42,1,1,0,133457.52,0,2/1/2026,1/28/2018
15776631,Ma,466,France,Female,36,119540.15,1,0,1,80603.99,0,2/1/2026,1/27/2021
15634772,Mario,682,Spain,Female,59,122661.39,1,0,1,84803.76,0,2/1/2026,4/29/2025
15753549,Dubinina,669,France,Male,25,157848.53,1,0,0,37543.93,1,2/1/2026,3/24/2024
15568506,Forbes,524,Germany,Female,31,67238.98,2,1,1,161811.23,0,2/1/2026,11/21/2015
15752081,Vassiliev,468,France,Female,56,0,3,0,1,62256.87,1,2/1/2026,3/28/2015
15654409,Unwin,665,France,Female,34,67816.72,1,1,1,29641.58,0,2/1/2026,5/26/2020
15661528,Ashbolt,583,Spain,Male,47,102562.23,1,1,0,92708.1,0,2/1/2026,12/27/2020
15662758,Watson,620,France,Male,41,97925.11,1,1,0,85000.32,0,2/1/2026,1/3/2026
15594815,Aleshire,807,France,Male,35,174790.15,1,1,1,600.36,0,2/1/2026,11/11/2022
15599956,Payne,747,France,Male,27,0,2,0,0,13007.89,0,2/1/2026,8/25/2015
15776733,Wilson,638,Germany,Female,37,124513.66,2,1,0,158610.89,0,2/1/2026,2/26/2018
15758531,Y?,732,France,Female,40,0,2,1,0,154189.08,0,2/1/2026,1/11/2016
15744689,T'ang,479,Germany,Male,35,92833.89,1,1,0,99449.86,1,2/1/2026,6/11/2016
15762984,McIntosh,648,Spain,Male,35,0,2,0,0,122899.01,0,2/1/2026,8/6/2018
15589793,Onwuamaeze,604,France,Male,53,144453.75,1,1,0,190998.96,1,2/1/2026,12/21/2017
15660602,Ch'eng,464,Germany,Male,33,164284.72,2,1,1,3710.34,0,2/1/2026,11/27/2017
15605835,Rice,743,France,Male,37,69143.91,2,0,1,105780.18,0,2/1/2026,8/2/2017
15736534,Elkins,742,Germany,Male,33,181656.51,1,1,1,107667.91,0,2/1/2026,3/19/2025
15592389,H?,684,France,Male,27,134603.88,1,1,1,71725.73,0,2/1/2026,12/16/2023
15615456,Aleksandrova,680,France,Female,37,123806.28,1,1,0,81776.84,1,2/1/2026,10/12/2015
15603065,Grubb,751,France,Female,30,0,2,1,0,15766.1,0,2/1/2026,10/14/2019
15594404,Bevan,834,France,Female,49,160602.25,2,1,0,129273.94,0,2/1/2026,2/25/2017
15674148,Milanesi,579,Spain,Male,33,0,1,1,0,94993.04,1,2/1/2026,4/17/2019
15726494,Romani,481,France,Male,44,175303.06,1,1,0,65500.53,1,2/1/2026,7/7/2016
15781586,Osonduagwuike,837,Germany,Male,38,126732.85,1,1,1,79577.38,0,2/1/2026,8/18/2023
15567832,Shih,550,France,Female,40,114354.95,1,1,0,54018.93,0,2/1/2026,4/16/2018
15733387,Pham,707,Spain,Female,53,109663.47,1,1,1,52110.45,0,2/1/2026,10/1/2019
15703019,Okeke,583,France,Female,38,0,2,0,1,113597.64,0,2/1/2026,8/12/2015
15773906,Doherty,655,France,Male,38,0,2,0,0,110527.71,0,2/1/2026,4/18/2021
15766869,Uspenskaya,634,Germany,Male,37,89696.84,2,1,1,193179.88,0,2/1/2026,1/9/2025
15677307,Lo,684,Germany,Female,40,137326.65,1,1,0,186976.6,0,2/1/2026,11/8/2019
15685997,Azubuike,838,Spain,Female,39,166733.92,2,1,0,14279.44,0,2/1/2026,7/31/2020
15634141,Shephard,708,Germany,Female,42,192390.52,2,1,0,823.36,0,2/1/2026,7/6/2017
15581198,Jenkins,668,Germany,Female,39,122104.79,1,1,0,112946.67,1,2/1/2026,3/31/2025
15716609,L?,484,,Male,54,134388.11,1,0,0,49954.79,1,2/1/2026,10/5/2022
15704954,Suffolk,431,France,Male,37,120764.08,1,1,1,117023.08,0,2/1/2026,1/31/2026
15603323,Bell,660,Spain,Female,33,0,2,0,0,117834.91,0,2/1/2026,11/4/2024
15679587,Chan,666,France,Female,34,115897.12,1,1,1,,0,2/1/2026,1/14/2017
15600991,Artemieva,694,Germany,Male,31,109052.59,2,1,1,19448.93,1,2/1/2026,7/15/2019
15809248,Cole,524,France,Female,36,0,2,1,0,,0,2/1/2026,10/17/2015
15802741,Mitchel,625,France,Female,51,136294.97,1,1,0,38867.46,1,2/1/2026,7/22/2018
15698321,Yobanna,648,Germany,Male,34,95039.73,2,1,1,147055.87,0,2/1/2026,5/8/2022
15811261,Alaniz,617,Spain,Male,42,70105.87,1,1,1,120830.73,0,2/1/2026,2/14/2025
15570004,Tsou,850,France,Male,31,0,2,1,0,121866.87,0,2/1/2026,10/21/2022
15745843,Kinlaw,689,Spain,Female,31,0,2,1,1,136610.02,0,2/1/2026,2/25/2021
15757535,Heap,647,Spain,Female,44,0,3,1,1,174205.22,1,2/1/2026,12/12/2020
15642041,Burns,727,Germany,Male,40,93051.64,2,1,0,71865.31,1,2/1/2026,3/19/2024
15660833,Flannery,796,Germany,Male,39,86350.87,2,0,0,105080.53,0,2/1/2026,7/19/2020
15613141,Hsu,717,France,Female,41,135756.96,1,1,1,103706.41,0,2/1/2026,12/7/2022
15795990,Lumholtz,722,Germany,Female,48,138311.76,1,1,1,3472.63,1,2/1/2026,9/21/2015
15699911,Chapman,461,Spain,Female,35,0,1,1,0,132295.95,0,2/1/2026,12/2/2017
15647474,Niu,613,,Female,40,95624.36,2,1,1,60706.33,0,2/1/2026,7/15/2016
15634245,Muecke,758,Germany,Female,47,95523.16,1,1,0,73294.48,0,2/1/2026,3/14/2016
15707078,Kruglov,577,France,Female,26,180530.51,1,0,0,123454.62,0,2/1/2026,6/13/2024
15606836,Lombardo,782,France,Female,33,94493.03,1,0,1,101866.39,0,2/1/2026,1/18/2024
15784597,Lattimore,648,France,Male,26,162923.85,1,1,0,98368.24,0,2/1/2026,11/12/2016
15642787,Ijendu,572,France,Male,37,133043.66,1,0,0,111243.09,0,2/1/2026,5/14/2024
15672115,Lettiere,679,France,Male,60,0,2,1,1,77331.77,0,2/1/2026,8/30/2019
15739858,Otitodilichukwu,618,France,Male,56,0,1,1,1,142400.27,1,2/1/2026,4/18/2018
15661219,Trentino,627,France,Male,32,0,2,1,0,103287.62,0,2/1/2026,9/2/2015
15580148,Welch,750,Germany,Male,40,168286.81,3,1,0,20451.99,1,2/1/2026,8/8/2020
15638806,Blackburn,645,Spain,Male,49,0,2,0,0,10023.15,0,2/1/2026,4/21/2023
15607537,Crawford,587,Germany,Male,46,107850.82,1,1,0,139431,1,2/1/2026,5/11/2016
15790782,Baryshnikov,661,Spain,Male,39,132628.98,1,0,0,38812.67,0,2/1/2026,11/25/2019
15588701,Lai,592,France,Female,38,0,2,1,0,35338.96,0,2/1/2026,12/31/2021
15662151,Gould,554,France,Male,40,0,1,0,1,168780.04,0,2/1/2026,10/17/2021
15612350,Taylor,691,France,Female,31,40915.55,1,1,0,126213.84,1,2/1/2026,7/15/2020
15664543,Shaw,699,France,Male,40,0,1,0,1,152876.13,1,2/1/2026,5/6/2018
15728669,Knowles,584,Germany,Female,30,112013.81,1,1,0,177772.03,1,2/1/2026,11/16/2017
15804814,Ts'ui,759,France,Male,40,0,2,1,0,124615.59,0,2/1/2026,10/2/2021
15721292,Atkins,719,Spain,Male,39,0,2,1,0,145759.7,0,2/1/2026,1/28/2021
15654574,Onyekachi,499,Germany,Male,36,131142.53,2,1,0,174918.46,0,2/1/2026,12/17/2020
15738148,Clarke,465,France,Female,51,122522.32,1,0,0,181297.65,1,2/1/2026,9/14/2017
15578980,Piazza,516,Spain,Female,33,0,2,1,1,,0,2/1/2026,8/31/2022
15636756,Marino,545,France,Male,23,0,2,1,0,189613.12,0,2/1/2026,9/2/2023
15610594,Moss,644,France,Female,37,0,2,1,0,20968.88,0,2/1/2026,6/20/2017
15761132,Capon,682,Spain,Male,46,128029.72,1,1,1,62615.35,0,2/1/2026,8/14/2018
15603582,Robertson,569,Spain,Female,34,0,1,1,0,133997.53,0,2/1/2026,12/27/2022
15700487,Osonduagwuike,805,France,Male,46,118022.06,3,1,0,162643.15,1,2/1/2026,9/25/2019
15591179,Skelton,702,Spain,Male,30,0,2,1,1,145537.32,0,2/1/2026,10/25/2023
15692002,Skelton,538,,Male,33,93791.38,1,1,1,199249.29,0,2/1/2026,8/21/2019
15627305,Pan,606,Spain,Male,35,0,1,1,0,106837.06,1,2/1/2026,3/8/2018
15605284,Outtrim,688,France,Male,26,0,2,1,1,104435.94,0,2/1/2026,11/30/2024
15648489,Ting,487,France,Male,53,199689.49,1,1,1,24207.86,1,2/1/2026,4/13/2021
15623647,Dellucci,655,Spain,Female,36,135515.76,1,1,0,86013.96,0,2/1/2026,5/22/2024
15639788,Yuan,577,France,Female,39,0,2,1,0,10553.31,0,2/1/2026,3/7/2015
15714658,Yates,696,France,Female,33,0,2,1,1,73371.65,0,2/1/2026,9/10/2021
15726403,Glenny,660,Germany,Male,41,129901.21,1,1,0,26025.6,1,2/1/2026,9/11/2024
15646161,Steinhoff,673,Spain,Female,37,0,2,1,1,183318.79,0,2/1/2026,8/2/2017
15764174,Bidencope,612,Spain,Female,26,0,2,1,1,179780.74,0,2/1/2026,3/14/2021
15806880,Boyle,627,Spain,Female,30,0,1,1,1,,0,2/1/2026,1/25/2020
15663830,De Luca,563,Spain,Male,32,0,2,1,1,19720.08,0,2/1/2026,6/21/2019
15667871,Kerr,572,Spain,Male,35,152390.26,1,1,0,128123.66,0,2/1/2026,6/2/2021
15607098,Ahmed,747,Spain,Female,41,94521.17,2,1,0,194926.86,0,2/1/2026,2/17/2020
15701946,Ndubueze,715,France,Male,34,124314.45,1,0,0,97782.92,0,2/1/2026,5/14/2021
15631848,Grover,727,France,Female,26,121508.28,1,1,1,146785.44,0,2/1/2026,1/20/2017
15728505,Ts'ao,601,France,Male,44,100486.18,2,1,1,62678.53,0,2/1/2026,12/24/2024
15699430,Davide,618,France,Female,35,0,2,1,0,180439.75,0,2/1/2026,11/20/2015
15729054,Korovina,744,Germany,Male,32,96106.83,1,1,1,79812.77,0,2/1/2026,11/5/2021
15657284,Day,674,Germany,Male,47,106901.94,1,1,1,,1,2/1/2026,2/13/2019
15808228,Tuan,768,Spain,Female,44,60603.4,1,1,1,178045.97,0,2/1/2026,7/31/2019
15643752,Wei,540,France,Male,25,116160.23,1,1,0,13411.67,0,2/1/2026,3/8/2020
15642002,Hayward,554,France,Female,35,117707.18,2,0,0,95277.15,1,2/1/2026,4/14/2019
15771540,Fedorova,755,France,Male,38,148912.44,1,1,0,80416.16,0,2/1/2026,11/10/2016
15681402,Ngozichukwuka,763,Germany,Female,61,66101.89,1,1,1,143981.27,0,2/1/2026,7/15/2024
15742378,Swaim,520,Germany,Male,32,110029.77,1,1,0,56246.69,0,2/1/2026,7/15/2020
15699634,Howard,667,France,Female,48,0,2,1,1,148608.39,0,2/1/2026,12/9/2023
15598846,Shahan,700,France,Female,44,58781.76,1,1,0,16874.92,0,2/1/2026,3/2/2023
15644765,Ashton,689,Germany,Male,26,120727.97,1,0,1,,0,2/1/2026,11/28/2021
15725737,Mosman,669,France,Male,46,0,2,0,1,8487.75,0,2/1/2026,3/30/2022
15771873,Buccho,776,Germany,Female,37,103769.22,2,1,0,194099.12,0,2/1/2026,4/5/2023
15793247,Hancock,498,France,Male,34,0,2,1,1,91711.66,0,2/1/2026,5/1/2020
15593782,Brookes,816,Germany,Female,38,130878.75,3,1,0,71905.77,1,2/1/2026,1/27/2021
15737051,Denisov,639,France,Male,27,0,2,1,0,192247.35,0,2/1/2026,8/27/2017
15633640,Loewenthal,799,France,Female,52,161209.66,1,1,1,89081.41,0,2/1/2026,2/26/2021
15602844,Niu,717,France,Male,38,97459.06,1,0,0,189175.71,0,2/1/2026,2/23/2018
15809823,Thurgood,491,Germany,Male,19,125860.2,1,0,0,129690.5,0,2/1/2026,7/28/2023
15700772,Nebechi,571,France,Male,44,0,2,0,0,38433.35,0,2/1/2026,1/8/2017
15576162,King,615,France,Male,32,92199.84,1,1,1,2755.53,0,2/1/2026,11/21/2018
15760774,Hargraves,519,France,Female,21,146329.57,2,1,1,194867.27,0,2/1/2026,7/3/2024
15746326,Fields,591,France,Male,43,0,2,0,1,198926.36,0,2/1/2026,10/23/2022
15750497,Longo,850,France,Female,37,153147.75,1,1,1,152235.3,0,2/1/2026,9/16/2018
15679283,Parkhill,694,France,Female,33,129731.64,2,1,0,178123.86,0,2/1/2026,10/10/2021
15615575,Vial,722,France,Male,34,0,2,1,1,133447.49,0,2/1/2026,7/16/2017
15700174,McKay,733,Spain,Female,30,83319.28,1,0,0,57769.2,0,2/1/2026,6/11/2025
15763665,Y?,833,France,Female,28,136674.51,2,0,0,5278.78,0,2/1/2026,4/30/2021
15689614,Teng,687,Spain,Female,63,137715.66,1,1,1,37938.74,0,2/1/2026,1/19/2025
15636935,Rischbieth,797,France,Female,29,0,2,1,1,132975.39,0,2/1/2026,10/30/2024
15716491,Akabueze,710,Spain,Female,51,93656.95,1,0,1,141400.51,1,2/1/2026,1/21/2022
15799811,Herrera,724,France,Male,40,0,1,1,0,127847.25,1,2/1/2026,9/12/2015
15624068,Fu,779,France,Female,26,0,2,0,1,111906,0,2/1/2026,7/15/2025
15725811,Lim,705,France,Male,25,97544.29,1,0,1,59887.15,0,2/1/2026,3/18/2025
15598044,Debellis,715,France,Female,35,0,1,1,1,152012.36,0,2/1/2026,11/30/2022
15579647,Oluchukwu,682,France,Male,42,0,1,1,1,160828.98,0,2/1/2026,3/7/2025
15799479,Coles,809,Spain,Male,33,0,1,1,1,124045.65,0,2/1/2026,11/28/2016
15626144,Chu,675,France,Male,40,113208.86,2,1,0,34577.36,0,2/1/2026,10/22/2018
15721307,Pickering,694,Germany,Male,37,95668.82,2,1,0,100335.55,0,2/1/2026,11/28/2024
15716134,Russo,617,France,Male,40,190008.32,2,1,1,107047.92,0,2/1/2026,3/21/2020
15813444,McIntosh,590,Spain,Female,34,0,2,1,0,171021.44,0,2/1/2026,3/13/2019
15747174,Hao,526,Germany,Male,58,190298.89,2,1,1,191263.76,0,2/1/2026,6/9/2016
15767821,Bearce,528,France,Male,31,102016.72,2,0,0,80181.12,0,2/1/2026,7/21/2019
15726557,Lai,638,France,Female,42,165679.92,1,0,0,32916.29,0,2/1/2026,1/31/2019
15705657,Hewitt,535,France,Female,44,114427.86,1,1,1,136330.26,0,2/1/2026,8/15/2023
15677382,Miller,625,Spain,Female,69,107569.96,1,1,1,182336.45,0,2/1/2026,9/17/2024
15797964,Cameron,732,Germany,Female,29,154333.82,1,1,1,138527.56,0,2/1/2026,8/11/2024
15654060,P'eng,517,France,Male,41,0,2,0,1,75937.47,0,2/1/2026,12/11/2023
15715769,Hao,621,France,Male,26,75237.54,1,0,1,44220.4,0,2/1/2026,8/3/2023
15813532,Burns,625,France,Female,39,0,2,1,0,32615.21,0,2/1/2026,10/11/2020
15753566,Espinosa,806,France,Female,32,63763.49,1,1,0,156593.09,0,2/1/2026,10/3/2022
15597265,Mao,660,France,Male,38,0,2,0,1,146585.53,0,2/1/2026,5/2/2018
15628034,Wilder,629,France,Female,37,129101.3,1,1,1,23971.33,0,2/1/2026,4/14/2019
15811842,Artemyeva,630,Spain,Male,26,0,2,1,1,6656.64,0,2/1/2026,2/2/2019
15585901,Johnson,717,Spain,Male,35,0,3,0,0,174770.14,1,2/1/2026,5/30/2024
15648577,Pickering,493,France,Female,31,0,1,1,1,176570.28,1,2/1/2026,11/29/2022
15705620,Lu,730,France,Male,34,122453.37,2,1,0,138882.98,0,2/1/2026,7/16/2020
15589348,Le Grand,850,Spain,Male,37,137204.77,1,1,1,28865.59,0,2/1/2026,11/3/2021
15731478,Nicholls,712,France,Female,42,87842.98,1,0,0,92223.59,0,2/1/2026,6/22/2024
15619626,Wade,746,France,Male,24,137492.35,2,0,1,,0,2/1/2026,7/28/2022
15636624,Nwabugwu,805,Spain,Female,39,165272.13,1,1,0,14109.85,1,2/1/2026,9/1/2020
15646276,Metcalfe,831,France,Female,32,146033.62,1,1,0,191260.74,0,2/1/2026,10/8/2023
15761763,Jamieson,845,France,Male,33,164385.53,1,1,0,150664.97,0,2/1/2026,5/9/2017
15646037,Sopuluchi,641,France,Male,77,0,3,1,1,81514.06,0,2/1/2026,7/23/2016
15729279,Naylor,718,France,Female,25,108691.95,1,1,0,63030.97,0,2/1/2026,3/19/2021
15583212,Chidozie,600,France,Female,43,134022.06,1,1,0,194764.83,0,2/1/2026,6/5/2020
15798521,Tai,675,Spain,Male,33,0,2,1,0,45348.08,0,2/1/2026,11/12/2022
15604073,Bibi,815,Germany,Female,25,135161.67,1,1,1,136071.05,0,2/1/2026,10/4/2017
15703482,Walker,710,Germany,Male,34,134260.36,2,1,0,147074.67,0,2/1/2026,7/2/2016
15714689,Houghton,591,Spain,Male,29,97541.24,1,1,1,196356.17,0,2/1/2026,11/23/2024
15762332,Ulyanova,568,Germany,Female,31,61592.14,2,1,1,61796.64,0,2/1/2026,12/9/2024
15780870,McKay,580,Spain,Male,67,153946.14,1,1,1,7418.92,0,2/1/2026,4/27/2022
15706587,Johnston,560,France,Male,57,0,2,0,1,116781.71,0,2/1/2026,2/11/2025
15626608,Howarde,479,Spain,Male,48,87070.23,1,0,1,85646.41,0,2/1/2026,10/12/2020
15587562,Hawkins,484,France,Female,29,130114.39,1,1,0,164017.89,0,2/1/2026,7/21/2021
15796505,Boyle,811,Germany,Female,34,149297.19,2,1,1,186339.74,0,2/1/2026,4/1/2024
15757568,Bogolyubov,704,France,Female,45,0,1,1,1,137739.45,0,2/1/2026,12/10/2019
15600997,Demuth,747,Germany,Female,32,67495.04,2,0,1,77370.37,0,2/1/2026,10/19/2020
15780746,Tyndall,705,France,Male,61,0,2,1,1,191313.7,0,2/1/2026,6/7/2021
15612771,Bell,452,France,Male,35,148172.44,1,1,1,4175.68,0,2/1/2026,4/23/2021
15719561,Lin,768,France,Male,42,0,3,0,0,60686.4,0,2/1/2026,9/18/2020
15751057,Douglas,701,Germany,Male,32,102500.34,1,0,0,106287.77,0,2/1/2026,11/20/2020
15727311,Yen,539,France,Female,22,100885.93,2,1,1,38772.65,0,2/1/2026,5/28/2025
15812878,Parsons,785,Germany,Female,36,99806.85,1,0,1,36976.52,0,2/1/2026,11/18/2023
15754999,Ch'eng,570,France,Female,33,0,1,1,1,124641.42,0,2/1/2026,5/1/2017
15766765,Obiuto,664,Germany,Male,39,60263.23,1,1,0,170835.32,0,2/1/2026,3/15/2018
15727251,Vincent,642,France,Male,30,117494.27,1,0,0,61977.82,0,2/1/2026,10/1/2017
15714877,MacDevitt,662,France,Female,29,0,2,1,0,137508.31,0,2/1/2026,11/5/2015
15627212,Smith,630,France,Female,36,110414.48,1,1,1,48984.95,0,2/1/2026,9/21/2023
15648064,Kennedy,649,France,Male,33,0,2,1,0,2010.98,0,2/1/2026,9/15/2023
15799217,Zetticci,791,Germany,Female,35,52436.2,1,1,0,161051.75,0,2/1/2026,3/13/2018
15718443,Chibuzo,539,France,Male,39,0,2,1,0,36692.17,0,2/1/2026,5/17/2022
15732740,Plant,765,Spain,Female,32,178095.55,1,0,0,47247.56,0,2/1/2026,8/28/2016
15714586,Marcelo,646,Spain,Female,42,99836.47,1,0,1,22909.56,0,2/1/2026,5/28/2022
15624170,Tan,639,France,Female,38,81550.94,2,0,1,,0,2/1/2026,6/21/2021
15589572,Otutodilichukwu,785,Spain,Female,61,129855.72,2,1,0,170214.82,1,2/1/2026,11/27/2021
15711834,Long,650,Spain,Female,30,0,1,0,0,67997.13,1,2/1/2026,12/24/2019
15809772,Glover,667,France,Male,48,0,1,1,0,43229.2,0,2/1/2026,6/18/2023
15705639,Onyemauchechukwu,692,France,Female,28,95059.02,2,1,0,44420.18,0,2/1/2026,3/28/2017
15669957,Drake,655,Germany,Male,52,144696.75,1,1,1,49025.79,0,2/1/2026,4/4/2016
15668081,Capon,581,Spain,Female,50,0,2,1,1,80701.72,0,2/1/2026,8/11/2021
15752816,Murray,531,France,Male,29,114590.58,1,0,0,75585.48,0,2/1/2026,8/5/2022
15579208,Chikezie,550,France,Female,48,0,2,1,1,191870.28,0,2/1/2026,9/18/2019
15641640,Uspenskaya,545,Spain,Female,33,173331.52,1,1,0,150452.88,0,2/1/2026,9/7/2018
15658716,Banks,667,Germany,Female,37,92171.35,3,1,0,178106.34,1,2/1/2026,11/17/2020
15805303,Olisanugo,661,Germany,Male,44,141136.62,1,1,0,189742.78,1,2/1/2026,12/11/2024
15731507,Mackenzie,456,France,Female,33,188285.68,1,0,0,58363.94,0,2/1/2026,3/2/2024
15597239,Ku,548,Spain,Male,39,131468.44,1,1,0,,0,2/1/2026,12/4/2018
15730433,Nakayama,580,Germany,Female,38,128218.47,1,1,0,125953.83,1,2/1/2026,6/4/2024
15674880,Archer,658,Spain,Male,50,0,2,1,0,52137.73,0,2/1/2026,8/17/2023
15697686,Stewart,787,France,Female,40,0,2,1,1,84151.98,0,2/1/2026,7/31/2019
15602735,Kuo,692,Germany,Male,45,152296.83,4,0,1,108040.86,1,2/1/2026,9/14/2019
15759805,Pinto,582,France,Female,32,0,2,1,0,59668.81,0,2/1/2026,8/18/2021
15800228,Bednall,652,Spain,Female,42,0,2,1,1,38152.01,0,2/1/2026,10/3/2021
15759298,Shih,631,Spain,Male,27,134169.62,1,1,1,176730.02,0,2/1/2026,12/15/2015
15620344,McKee,813,France,Male,29,0,1,1,0,33953.87,0,2/1/2026,11/17/2019
15796343,Bazhenov,707,France,Female,31,82787.93,2,0,0,91423.69,0,2/1/2026,6/25/2023
15576623,Outlaw,584,France,Male,31,0,2,1,0,31474.27,0,2/1/2026,8/29/2020
15624592,Tan,603,France,Male,31,0,2,1,1,169915.02,0,2/1/2026,1/6/2018
15603246,Genovesi,498,France,Male,73,170241.7,2,1,1,165407.96,0,2/1/2026,4/4/2023
15612071,Wilson,763,Spain,Female,32,95153.77,1,0,1,81310.1,0,2/1/2026,10/20/2015
15585451,Vigano,558,Germany,Female,32,108262.87,1,1,1,6935.31,0,2/1/2026,7/27/2024
15583718,Terry,696,Germany,Male,38,142316.14,1,1,1,8018.49,0,2/1/2026,4/17/2019
15639415,Thompson,850,France,Male,35,162442.35,1,1,0,183566.78,0,2/1/2026,1/20/2023
15693947,Tokareva,614,France,Female,19,97445.49,2,1,0,122823.34,0,2/1/2026,2/5/2020
15593601,Isayev,734,France,Male,34,133598.4,1,1,1,,0,2/1/2026,9/6/2019
15569187,Fleming,680,Spain,Male,35,0,2,0,0,143774.06,0,2/1/2026,4/21/2016
15697789,Li Fonti,647,Germany,Female,43,122717.53,2,1,1,87000.39,0,2/1/2026,1/9/2023
15728474,Chienezie,558,Germany,Male,32,108235.91,1,1,1,143783.28,0,2/1/2026,5/17/2021
15674851,T'ien,622,France,Male,38,0,2,0,0,105295.77,0,2/1/2026,5/17/2020
15774224,Nixon,613,Germany,Female,30,131563.88,2,1,0,170638.98,0,2/1/2026,2/7/2020
15669987,Sung,728,Germany,Female,35,125884.95,2,1,0,54359.02,1,2/1/2026,5/26/2017
15762238,Fraser,671,Germany,Female,44,84745.03,2,0,1,34673.98,0,2/1/2026,9/29/2025
15745088,Chen,443,Germany,Female,29,99027.61,2,1,0,10940.4,0,2/1/2026,2/25/2016
15645316,Han,612,Germany,Female,58,149641.53,1,1,1,115161.28,0,2/1/2026,5/11/2024
15799031,Ayers,523,,Male,39,0,2,1,0,6726.53,0,2/1/2026,11/15/2022
15576760,Onodugoadiegbemma,673,Germany,Male,36,73088.06,2,0,0,196142.26,0,2/1/2026,3/11/2020
15744983,Burgmann,712,Spain,Male,47,139887.01,1,1,1,95719.73,0,2/1/2026,5/28/2024
15805449,Ugochukwu,594,France,Male,38,0,2,0,0,186884.04,0,2/1/2026,5/4/2021
15769582,Kang,586,France,Male,29,0,2,1,1,142238.54,0,2/1/2026,3/7/2022
15768816,Shen,570,Germany,Male,42,107856.57,2,1,0,127528.84,0,2/1/2026,3/11/2025
15811314,Y?,589,Germany,Female,36,140355.56,2,1,0,136329.96,0,2/1/2026,6/24/2016
15695492,P'eng,439,France,Female,29,156569.43,1,1,0,180598.66,0,2/1/2026,11/14/2019
15613085,Ibrahimova,628,Spain,Female,33,0,1,1,1,188193.25,0,2/1/2026,3/28/2022
15775082,Stewart,749,France,Male,42,129776.72,2,0,1,143538.51,0,2/1/2026,6/5/2024
15797686,Howard,558,France,Male,38,113000.92,1,1,1,152872.39,0,2/1/2026,5/1/2017
15597602,Nwachinemelu,619,Germany,Male,57,137946.39,1,1,1,72467.99,1,2/1/2026,11/13/2022
15657812,Ch'iu,688,France,Male,52,0,2,1,1,172033.57,0,2/1/2026,8/27/2024
15662403,Kryukova,622,France,Female,32,169089.38,2,1,0,101057.95,0,2/1/2026,2/6/2019
15747265,Huang,598,Germany,Female,27,171283.91,1,1,1,84136.12,0,2/1/2026,8/12/2015
15710424,Page,435,France,Male,36,0,1,1,1,197015.2,0,2/1/2026,6/28/2021
15812513,Nnaife,599,,Male,45,103583.05,1,1,0,132127.69,1,2/1/2026,12/1/2015
15792329,Mao,494,Germany,Male,37,107106.33,2,1,0,172063.09,0,2/1/2026,11/15/2020
15803764,Stanley,561,France,Male,28,0,2,1,0,7797.01,0,2/1/2026,12/25/2018
15712584,Liao,670,France,Female,33,0,2,1,1,88187.81,0,2/1/2026,6/12/2018
15762729,Ukaegbunam,745,Germany,Female,28,111071.36,1,1,0,73275.96,1,2/1/2026,5/20/2024
15589493,Otitodilinna,716,Germany,Male,27,122552.34,2,1,0,67611.36,0,2/1/2026,4/22/2024
15704987,Lu,649,France,Female,52,49113.75,1,1,0,41858.43,0,2/1/2026,9/2/2017
15642468,Clark,697,France,Male,42,132739.26,2,0,0,174667.65,0,2/1/2026,10/9/2016
15570205,Tao,682,Spain,Male,36,0,2,1,1,147758.51,0,2/1/2026,4/24/2020
15739576,Bustard,706,Spain,Male,20,0,2,1,1,12368.11,0,2/1/2026,11/25/2017
15802478,Spring,767,Spain,Male,31,0,2,1,1,195668,0,2/1/2026,3/11/2019
15653253,Pagnotto,704,Spain,Male,48,167997.6,1,1,1,173498.45,0,2/1/2026,10/22/2017
15610383,Dumetolisa,628,France,Female,46,46870.43,4,1,0,,1,2/1/2026,12/10/2024
15713843,Kao,850,Spain,Male,30,0,2,0,1,27937.12,0,2/1/2026,10/25/2023
15612776,McKay,850,Spain,Female,39,0,2,1,1,143030.09,0,2/1/2026,4/25/2015
15654211,Milani,559,,Female,27,0,1,0,1,1050.33,0,2/1/2026,4/3/2024
15787174,Sergeyev,512,France,Female,37,0,2,0,1,156105.03,0,2/1/2026,11/28/2024
15667215,Chandler,678,France,Male,31,0,2,1,1,58803.28,0,2/1/2026,5/5/2023
15687310,Humphries,783,,Male,39,0,2,1,0,143752.77,0,2/1/2026,7/14/2016
15723706,Abbott,573,France,Female,33,90124.64,1,1,0,137476.71,0,2/1/2026,11/17/2025
15786170,Tien,659,France,Male,31,118342.26,1,0,0,161574.19,0,2/1/2026,10/14/2021
15754713,Rivera,685,Spain,Male,31,135213.71,1,1,1,125777.28,0,2/1/2026,6/15/2015
15627232,Jibunoh,608,Germany,Male,44,114203.47,1,1,1,77830.36,1,2/1/2026,4/7/2018
15673908,Chinweike,602,Germany,Female,42,158414.85,1,1,1,131886.46,0,2/1/2026,4/25/2019
15736656,H?,723,France,Female,49,0,2,0,1,89972.25,0,2/1/2026,3/23/2021
15648075,Hebert,686,Germany,Female,47,170935.94,1,1,0,,1,2/1/2026,11/4/2020
15774491,Ross,480,France,Female,28,0,2,0,0,48131.92,0,2/1/2026,12/16/2019
15638463,Okwudilichukwu,681,Germany,Female,48,139480.18,1,1,1,163581.67,0,2/1/2026,1/1/2018
15766776,Sal,576,France,Male,41,0,1,1,1,188274.6,0,2/1/2026,9/18/2024
15641732,Mills,543,France,Female,36,0,2,0,0,26019.59,0,2/1/2026,7/4/2022
15645517,Philip,850,Spain,Male,22,0,2,1,1,9684.52,0,2/1/2026,9/24/2023
15715142,Repina,739,Germany,Male,45,102703.62,1,0,1,147802.94,1,2/1/2026,12/1/2018
15606613,Samson,655,France,Female,59,0,1,1,0,88958.49,1,2/1/2026,4/21/2018
15630617,Lo Duca,727,Germany,Male,36,140418.81,1,1,1,113033.73,1,2/1/2026,5/18/2019
15596397,Kelly,814,France,Female,48,0,2,1,1,132870.15,0,2/1/2026,11/20/2018
15591357,Cowger,765,France,Male,51,123372.3,1,1,1,115429.32,0,2/1/2026,2/23/2022
15748381,Gorbunov,613,France,Female,29,185709.28,2,1,1,77242.19,0,2/1/2026,8/1/2019
15569247,Mitchell,727,Spain,Female,57,109679.72,1,0,1,753.37,0,2/1/2026,12/1/2024
15699550,Babbage,695,Spain,Female,34,0,2,1,1,67502.12,0,2/1/2026,4/16/2016
15709994,Gallo,658,France,Female,40,140596.95,1,0,1,135459.02,1,2/1/2026,3/3/2018
15677371,Ko,629,Spain,Female,30,34013.63,1,1,0,19570.63,0,2/1/2026,3/31/2023
15724296,Kerr,684,Spain,Male,41,119782.72,2,0,0,120284.67,0,2/1/2026,8/14/2023
15794056,Johnston,668,France,Female,46,0,3,1,0,89048.46,1,2/1/2026,7/10/2023
15621629,Scott,773,Germany,Male,43,81844.91,2,1,1,35908.46,0,2/1/2026,10/3/2017
15701200,Lucciano,576,France,Male,36,0,2,1,1,48314,0,2/1/2026,11/22/2019
15631189,Riggs,613,Germany,Male,38,67111.65,1,1,0,78566.64,1,2/1/2026,10/19/2016
15808189,Woodard,449,France,Male,52,0,2,0,1,123622,0,2/1/2026,11/25/2019
15675190,Chia,623,France,Male,21,0,2,0,1,135851.3,0,2/1/2026,12/4/2015
15566292,Okwuadigbo,574,Spain,Male,36,0,2,0,1,71709.12,0,2/1/2026,12/29/2024
15592816,Udokamma,623,Germany,Female,48,108076.33,1,1,0,118855.26,1,2/1/2026,3/15/2024
15718071,Tuan,655,France,Female,51,0,2,0,1,15801.02,0,2/1/2026,12/14/2022
15658889,Watson,689,France,Male,22,136444.25,1,1,0,51980.25,1,2/1/2026,4/28/2021
15605000,John,550,France,Male,38,140278.99,3,1,1,171457.06,1,2/1/2026,12/21/2016
15628947,Praed,693,France,Female,38,0,2,0,0,78133.48,1,2/1/2026,11/25/2022
15733114,Hay,552,Spain,Male,45,0,2,1,0,26752.56,0,2/1/2026,5/13/2016
15782806,Watson,718,Spain,Male,28,0,2,1,0,146875.86,0,2/1/2026,12/30/2019
15806983,Moss,640,France,Male,44,137148.68,1,1,0,92381.01,0,2/1/2026,12/18/2022
15745080,Griffiths,634,France,Male,26,0,1,1,0,21760.96,0,2/1/2026,8/18/2017
15577274,Genovese,549,Germany,Female,43,134985.66,1,1,0,6101.41,0,2/1/2026,2/15/2022
15766686,Nebechi,659,Germany,Female,39,104502.11,1,1,0,20652.69,0,2/1/2026,6/7/2024
15805565,Obiuto,691,Germany,Male,30,116927.89,1,1,0,,0,2/1/2026,10/20/2018
15786308,Millar,730,Spain,Female,33,0,2,0,0,176576.62,0,2/1/2026,4/29/2016
15717225,Ikemefuna,544,France,Female,21,161525.96,2,1,0,9262.77,0,2/1/2026,9/28/2015
15808846,Horton,672,Germany,Female,21,165878.76,2,1,1,164537.17,0,2/1/2026,11/11/2022
15637876,Burns,663,Germany,Female,36,77253.5,1,0,0,35817.97,1,2/1/2026,12/19/2019
15629617,Cook,572,Spain,Male,23,126873.52,1,0,1,67040.12,0,2/1/2026,8/31/2023
15624528,L?,664,Germany,Male,26,116244.14,2,1,1,95145.14,0,2/1/2026,2/5/2018
15747724,Briggs,671,Spain,Female,34,0,1,1,0,23235.38,0,2/1/2026,12/7/2015
15617136,Mazzanti,451,Germany,Female,38,61482.47,1,1,1,167538.66,0,2/1/2026,8/5/2016
15721719,Calabresi,743,France,Male,42,77002.2,2,1,1,80428.42,0,2/1/2026,12/20/2018
15699309,Gerasimov,510,Spain,Female,38,0,1,1,0,118913.53,1,2/1/2026,2/26/2021
15764195,Newsom,519,Spain,Male,39,111900.14,1,1,1,97577.17,0,2/1/2026,7/7/2021
15732963,Clements,722,Spain,Female,29,0,2,1,1,142033.07,0,2/1/2026,6/29/2016
15716155,Shaw,841,France,Female,36,156021.31,1,0,0,,0,2/1/2026,7/28/2020
15786852,Nwachukwu,565,Germany,Female,38,158651.29,2,1,1,179445.28,0,2/1/2026,11/2/2023
15574068,Norman,504,Germany,Male,56,104217.3,1,0,0,55857.48,1,2/1/2026,9/23/2016
15664523,Colombo,696,Germany,Female,31,122021.92,2,1,0,33828.64,0,2/1/2026,11/13/2017
15603914,Arcuri,614,France,Male,40,0,1,1,1,20339.79,1,2/1/2026,4/25/2019
15790678,Davidson,475,,Female,32,119023.28,1,1,0,100816.29,0,2/1/2026,7/8/2017
15795954,Ndukaku,746,France,Male,35,172274.01,1,1,0,22374.97,0,2/1/2026,7/4/2023
15806027,Niu,556,France,Female,52,0,1,1,0,175149.2,1,2/1/2026,8/31/2016
15776348,Rogers,835,Germany,Male,20,124365.42,1,0,0,180197.74,1,2/1/2026,8/22/2021
15663478,Baldwin,729,France,Male,32,93694.42,1,1,1,79919.13,0,2/1/2026,1/11/2020
15628813,King,693,France,Female,43,152341.55,1,1,0,9241.78,0,2/1/2026,5/28/2021
15712319,Chukwukere,714,Spain,Male,45,150900.29,2,0,1,139889.15,0,2/1/2026,3/10/2017
15781802,Abramov,755,France,Male,41,104817.41,1,1,0,126013.58,1,2/1/2026,7/29/2019
15699284,Johnson,584,France,Male,49,172713.44,1,1,0,113860.81,0,2/1/2026,3/5/2017
15657107,Angelo,563,Spain,Female,46,106171.68,1,1,0,163145.5,1,2/1/2026,12/24/2017
15626684,Huang,547,France,Female,38,167539.97,1,0,1,159207.34,0,2/1/2026,2/21/2020
15575409,Rozhkova,581,Germany,Male,31,116891.72,1,1,0,107137.3,0,2/1/2026,8/16/2019
15681174,Zuev,730,France,Male,39,116537.6,1,0,0,145679.6,0,2/1/2026,4/1/2024
15592531,Bartlett,822,France,Male,50,0,2,1,1,10062.8,0,2/1/2026,5/31/2018
15737741,McKay,607,Spain,Female,33,108431.87,2,0,1,109291.39,1,2/1/2026,6/5/2023
15590476,Onochie,589,France,Male,28,0,2,1,0,151645.96,0,2/1/2026,6/15/2018
15794580,Ch'en,599,France,Male,58,0,1,0,0,176407.15,1,2/1/2026,11/27/2021
15738174,Ervin,452,France,Female,32,0,2,0,1,75279.39,0,2/1/2026,7/31/2020
15813412,Barlow,721,France,Female,55,44020.89,1,1,0,65864.4,1,2/1/2026,2/16/2022
15670914,Robe,754,France,Male,38,0,2,1,0,180698.32,0,2/1/2026,6/14/2023
15806967,Simmons,778,France,Female,65,0,1,1,1,,0,2/1/2026,3/13/2018
15572093,Han,613,France,Female,24,140453.91,1,1,0,129001.3,0,2/1/2026,4/25/2018
15670345,Mazzi,785,Germany,Female,33,127211.45,1,0,0,191961.83,0,2/1/2026,7/7/2019
15618018,Dickson,571,France,Female,35,104783.81,2,0,1,178512.52,0,2/1/2026,3/31/2024
15789669,Hsia,510,France,Male,65,0,2,1,1,,0,2/1/2026,12/19/2023
15785542,Kornilova,572,Germany,Male,26,118287.01,2,0,0,60427.3,0,2/1/2026,12/26/2021
15700209,Walker,486,France,Male,63,97009.15,1,1,1,85101,0,2/1/2026,7/12/2016
15575581,Dickson,614,Germany,Female,30,131344.52,2,1,0,54776.64,0,2/1/2026,5/28/2022
15633950,Yen,737,,Male,41,101960.74,1,1,1,123547.28,0,2/1/2026,7/24/2024
15720559,Heath,487,Germany,Female,61,110368.03,1,0,0,11384.45,1,2/1/2026,12/11/2020
15794549,Andrews,722,France,Female,35,163943.89,2,1,1,15068.18,0,2/1/2026,8/1/2023
15688637,Witt,592,France,Female,27,0,2,1,1,183569.25,0,2/1/2026,3/28/2021
15751158,Mashman,571,France,Female,42,108825.34,3,1,0,55558.51,1,2/1/2026,1/1/2022
15697183,Uchenna,685,Spain,Male,43,0,2,1,0,107811.28,0,2/1/2026,8/4/2016
15600103,Alexander,633,Germany,Female,29,104944.1,1,1,1,97684.46,0,2/1/2026,3/31/2017
15615029,Munro,734,Spain,Male,39,0,1,1,1,95135.27,0,2/1/2026,11/28/2019
15652808,Monaldo,774,France,Female,41,126670.37,1,1,0,102426.06,0,2/1/2026,11/23/2020
15666548,Chung,466,Germany,Female,56,111920.13,3,1,0,197634.11,1,2/1/2026,7/25/2023
15648794,Giordano,836,Spain,Male,57,101247.06,1,1,0,37141.62,1,2/1/2026,9/1/2021
15595883,Nkemdirim,540,Germany,Male,39,127278.31,1,1,1,16150.34,0,2/1/2026,5/31/2021
15651280,Hunter,742,Germany,Male,35,136857,1,0,0,84509.57,0,2/1/2026,8/12/2020
15681506,Lane,478,Spain,Male,43,0,2,1,1,197916.43,0,2/1/2026,11/28/2024
15600739,Galkin,562,Spain,Female,35,0,2,1,0,119899.52,0,2/1/2026,10/23/2025
15600462,Barwell,542,France,Female,43,145618.37,1,0,1,10350.74,0,2/1/2026,3/17/2017
15759381,Johnson,617,Spain,Male,61,91070.43,1,1,1,,0,2/1/2026,11/24/2018
15608653,Davison,521,Spain,Female,34,70731.07,1,1,1,20243.97,1,2/1/2026,12/6/2018
15727556,O'Donnell,744,Spain,Female,26,166297.89,1,1,1,181694.44,0,2/1/2026,12/29/2020
15776047,Nicholls,620,France,Female,29,0,2,0,1,153392.28,0,2/1/2026,12/30/2022
15792365,He,501,,Male,44,142051.07,2,0,1,74940.5,0,2/1/2026,10/20/2021
15703820,Endrizzi,552,France,Male,42,133701.07,2,1,0,101069.71,1,2/1/2026,2/26/2016
15678727,Tan,770,Germany,Male,45,110765.68,1,1,0,26163.74,1,2/1/2026,6/17/2021
15716164,Nicholls,501,France,Female,41,144260.5,1,1,0,172114.67,0,2/1/2026,12/12/2022
15580956,McNess,683,Germany,Female,43,115888.04,1,1,1,117349.19,1,2/1/2026,10/6/2021
15673529,Lombardo,645,Spain,Male,36,59893.85,2,1,0,43999.64,0,2/1/2026,3/30/2021
15719606,Rivers,657,France,Male,50,0,2,0,0,37171.46,0,2/1/2026,11/4/2016
15757577,Odili,676,France,Female,61,0,2,1,1,118522.73,0,2/1/2026,6/9/2017
15599829,Padovesi,577,France,Female,35,0,2,1,1,25161.61,0,2/1/2026,4/30/2015
15613630,Tang,775,France,Male,52,109922.61,1,1,1,96823.32,1,2/1/2026,9/26/2017
15733797,Sal,506,France,Male,36,0,2,1,0,164253.35,0,2/1/2026,8/10/2020
15794142,Ferreira,564,Germany,Female,62,114931.35,3,0,1,18260.98,1,2/1/2026,6/1/2020
15674840,Chiazagomekpere,645,France,Female,38,101430.3,2,0,1,4400.32,0,2/1/2026,11/22/2020
15717398,Fielding,549,Spain,Female,39,0,1,0,0,81259.25,1,2/1/2026,12/31/2018
15644833,Duncan,675,France,Male,54,0,1,1,0,149583.67,1,2/1/2026,12/18/2023
15812351,Beluchi,710,Spain,Female,27,135277.96,1,1,0,142200.15,0,2/1/2026,9/7/2023
15615457,Burns,842,Spain,Female,44,112652.08,2,1,0,126644.98,0,2/1/2026,1/21/2024
15774179,Sutherland,487,France,Male,37,0,2,1,1,126477.41,0,2/1/2026,12/5/2019
15780650,Biryukov,667,France,Male,40,0,1,1,1,96670.2,0,2/1/2026,5/30/2016
15749177,Maslow,730,Spain,Female,52,0,2,0,1,122398.84,0,2/1/2026,3/10/2018
15740494,Cameron,633,France,Female,33,0,2,1,0,191111.02,0,2/1/2026,9/21/2022
15801559,Chiang,693,Germany,Female,41,181461.48,3,1,1,187929.43,1,2/1/2026,7/6/2016
15681196,Chikere,629,France,Male,35,172170.36,1,1,1,159777.37,0,2/1/2026,12/8/2024
15763662,Longo,711,Germany,Male,43,39043.29,2,1,1,175423.69,0,2/1/2026,7/9/2023
15631170,Clements,695,France,Male,45,0,2,1,1,30793.61,0,2/1/2026,10/6/2022
15690452,Tung,605,France,Male,52,63349.75,1,1,0,108887.44,0,2/1/2026,4/14/2024
15582714,Napolitani,749,Germany,Male,47,110022.74,1,0,1,135655.29,1,2/1/2026,1/23/2017
15727944,Simpkinson,701,Germany,Female,48,92072.68,1,1,1,133992.36,0,2/1/2026,6/20/2024
15640635,Capon,769,France,Male,29,0,2,1,1,172290.61,0,2/1/2026,7/28/2017
15653595,Ts'ai,796,France,Male,51,0,2,0,1,194733.28,0,2/1/2026,4/20/2019
15573086,Millar,564,France,Male,42,99824.45,1,1,1,36721.4,0,2/1/2026,12/21/2018
15644896,Thompson,663,Germany,Male,32,108586.86,1,1,1,182355.21,0,2/1/2026,4/4/2022
15731890,Chukwukere,601,France,Male,41,123971.16,1,0,1,172814.99,0,2/1/2026,3/4/2024
15671137,MacDonald,549,France,Female,52,0,1,0,1,8636.05,1,2/1/2026,4/7/2024
15682435,P'eng,600,France,Male,35,143744.77,2,1,0,104076.51,0,2/1/2026,6/12/2021
15566251,Ferrari,618,France,Female,37,96652.86,1,1,0,98686.4,1,2/1/2026,6/5/2020
15797748,Lu,729,France,Male,44,0,2,0,1,9200.54,0,2/1/2026,3/13/2020
15776454,Hamilton,603,,Female,48,0,1,1,0,100478.6,1,2/1/2026,8/7/2020
15732628,Ugoji,745,France,Male,46,122220.19,1,1,1,118024.1,0,2/1/2026,9/1/2023
15586870,Ni,632,France,Male,27,193125.85,1,1,1,152665.85,0,2/1/2026,12/30/2021
15743016,MacDonald,602,Spain,Female,22,141604.76,1,1,0,30379.6,0,2/1/2026,7/22/2018
15699029,Bagley,670,France,Male,37,170557.91,2,1,0,,0,2/1/2026,8/26/2021
15569423,Cunningham,731,Spain,Male,41,0,2,1,0,22299.27,0,2/1/2026,8/7/2021
15766896,Chieloka,750,France,Male,37,0,2,1,0,16870.2,0,2/1/2026,7/5/2022
15744368,Sun,633,Spain,Male,58,98308.51,1,1,1,132034.13,0,2/1/2026,10/26/2019
15777904,Nock,703,France,Female,45,0,2,1,1,68831.72,0,2/1/2026,12/18/2018
15799384,Collier,683,,Male,33,0,1,0,0,73564.44,0,2/1/2026,9/8/2017
15773890,Okechukwu,733,France,Male,22,0,2,1,1,117202.19,0,2/1/2026,3/12/2020
15750181,Sanderson,553,Germany,Male,41,110112.54,2,0,0,81898.81,0,2/1/2026,3/1/2016
15606267,Wilson,622,France,Female,38,98640.74,1,1,1,110457.99,0,2/1/2026,3/3/2021
15578908,Todd,725,Spain,Female,32,0,2,1,1,138525.19,0,2/1/2026,6/25/2025
15711015,Hammonds,743,France,Male,36,0,2,1,1,190911.02,0,2/1/2026,10/12/2021
15744843,K'ung,569,Spain,Female,34,144855.34,1,0,0,196555.32,0,2/1/2026,5/22/2019
15811127,Volkov,521,France,Male,35,96423.84,1,1,0,10488.44,0,2/1/2026,9/30/2019
15607598,Muravyov,575,Spain,Female,31,0,2,1,1,95686.42,0,2/1/2026,7/3/2019
15716334,Rozier,850,Spain,Female,45,122311.21,1,1,1,19482.5,0,2/1/2026,7/2/2023
15778287,Ugoji,622,France,Male,35,0,2,1,1,131772.51,0,2/1/2026,12/23/2017
15733429,Chou,520,Germany,Male,34,120018.86,2,1,1,343.38,0,2/1/2026,4/9/2017
15700696,Kang,738,Spain,Male,31,79019.8,1,1,1,18606.23,0,2/1/2026,12/26/2016
15633108,Thorpe,646,France,Male,26,139848.17,1,1,0,164696.27,0,2/1/2026,8/23/2021
15567333,Archambault,712,France,Female,31,0,2,1,0,170333.38,0,2/1/2026,7/1/2018
15653780,Kambinachi,621,France,Female,43,0,1,1,1,47578.45,0,2/1/2026,5/12/2020
15723654,Tsao,773,France,Male,25,135903.33,1,1,0,73656.38,0,2/1/2026,10/4/2023
15776807,Brennan,654,France,Male,29,0,1,1,0,180345.44,0,2/1/2026,5/4/2024
15756241,Yirawala,767,France,Female,44,152509.25,1,1,1,136915.15,0,2/1/2026,7/15/2023
15592937,Napolitani,632,Germany,Female,41,81877.38,1,1,1,33642.21,0,2/1/2026,4/23/2022
15741554,Streeter,746,Spain,Male,31,113836.27,1,1,1,174815.54,0,2/1/2026,10/26/2023
15648721,Hsueh,711,France,Male,64,0,2,1,1,3185.67,0,2/1/2026,11/6/2021
15804256,Hale,765,Germany,Male,36,92310.54,2,1,1,72924.56,0,2/1/2026,8/5/2017
15613854,Mauldon,622,Spain,Female,46,107073.27,2,1,1,30984.59,1,2/1/2026,3/12/2021
15718106,Kelley,625,France,Male,34,0,2,0,0,197283.2,0,2/1/2026,8/5/2019
15672374,Pai,672,France,Male,52,170008.84,1,0,0,56407.42,1,2/1/2026,4/17/2017
15640059,Smith,606,France,Male,40,0,2,1,1,70899.27,0,2/1/2026,11/4/2020
15753337,Yeates,555,France,Male,51,0,3,1,0,189122.89,1,2/1/2026,10/12/2020
15716518,Yuryeva,617,France,Female,27,0,2,0,0,190269.21,0,2/1/2026,12/15/2021
15679294,Brennan,589,France,Female,46,107238.85,2,1,0,37024.28,0,2/1/2026,5/17/2015
15786800,Gould,723,Germany,Male,52,131694.97,1,0,1,92873.5,1,2/1/2026,6/8/2020
15714634,Nebechi,837,France,Male,26,89900.24,2,1,0,175477.03,0,2/1/2026,1/30/2022
15597033,Speight,708,Germany,Male,37,153366.13,1,1,1,26912.34,0,2/1/2026,7/9/2017
15682773,Hayward,781,France,Female,38,128345.69,2,1,0,63218.85,0,2/1/2026,3/10/2022
15662397,Small,640,France,Female,42,176099.13,1,1,1,8404.73,0,2/1/2026,10/27/2020
15775625,McKenzie,596,France,Male,47,0,1,1,0,74835.65,0,2/1/2026,4/9/2019
15583668,Ludowici,726,France,Female,42,109471.79,1,0,1,175161.05,0,2/1/2026,5/25/2023
15627000,Freeman,610,France,Male,40,0,2,1,0,62232.6,0,2/1/2026,5/16/2025
15598782,Pinto,755,Germany,Female,30,154221.37,2,0,1,62688.55,0,2/1/2026,8/15/2019
15697625,Bevan,791,France,Male,37,163789.49,2,1,0,75832.53,0,2/1/2026,8/27/2023
15622454,Zaitsev,695,Spain,Male,28,96020.86,1,1,1,57992.49,0,2/1/2026,11/30/2025
15768201,Paterson,850,France,Female,39,148586.64,1,1,1,176791.27,0,2/1/2026,2/16/2023
15575214,Ch'en,709,France,Male,37,0,1,1,0,159486.76,0,2/1/2026,8/22/2018
15704483,Lorenzo,724,France,Male,40,0,2,0,0,106149.48,0,2/1/2026,11/28/2019
15663921,Pisani,429,France,Male,60,0,2,1,1,163691.48,0,2/1/2026,3/12/2018
15658956,Tuan,505,Germany,Male,40,47869.69,2,1,1,155061.97,0,2/1/2026,6/14/2019
15805637,Hsing,625,France,Male,36,108546.16,3,1,0,133807.77,1,2/1/2026,1/12/2017
15649738,White,698,France,Female,46,0,2,1,1,125962.02,0,2/1/2026,1/31/2026
15579334,Watkins,769,Germany,Female,45,126674.81,1,1,0,124118.71,1,2/1/2026,8/1/2020
15600934,Randell,758,France,Female,52,125095.94,1,1,0,171189.83,1,2/1/2026,9/10/2018
15704844,Hsiung,550,Spain,Male,62,80927.56,1,0,1,64490.67,0,2/1/2026,4/14/2018
15629117,Harper,584,France,Male,28,0,2,1,0,19834.32,0,2/1/2026,4/22/2015
15607691,Gibson,658,France,Male,36,174060.46,1,1,1,94925.62,0,2/1/2026,7/12/2017
15745001,Kovalev,683,Spain,Female,36,0,2,1,0,104786.59,0,2/1/2026,3/14/2018
15708917,Martin,598,Germany,Male,53,167772.96,1,1,1,136886.86,0,2/1/2026,1/6/2016
15667896,De Luca,833,France,Male,37,151226.18,2,1,1,136129.49,0,2/1/2026,7/20/2017
15642544,Henderson,723,France,Male,34,0,2,0,1,12092.03,0,2/1/2026,7/18/2020
15800856,Ewen,643,Spain,Male,34,83132.09,1,1,1,21360.88,0,2/1/2026,9/17/2022
15767954,Osborne,635,Germany,Female,28,81623.67,2,1,1,156791.36,0,2/1/2026,3/23/2022
15568025,Hsueh,758,France,Male,51,81710.46,1,1,1,116520.07,0,2/1/2026,4/2/2017
15591100,Chiemela,675,Spain,Male,36,106190.55,1,0,1,22994.32,0,2/1/2026,10/28/2016
15807481,Peng,577,France,Female,46,0,1,1,1,158750.53,0,2/1/2026,8/28/2024
15600700,Pan,523,Germany,Male,63,116227.27,1,1,1,119404.63,0,2/1/2026,10/27/2019
15588219,Ford,850,France,Female,38,106871.81,2,1,0,29333.01,0,2/1/2026,6/12/2024
15771086,Graham,512,France,Female,36,84327.77,2,1,0,17675.36,0,2/1/2026,7/13/2022
15765322,Connely,755,France,Male,23,84284.48,2,1,1,62851.6,0,2/1/2026,1/3/2021
15735388,Wayn,717,France,Female,25,108664.85,2,1,0,190011.85,0,2/1/2026,9/30/2018
15756932,Caldwell,696,Spain,Female,36,0,2,1,1,82298.59,0,2/1/2026,7/27/2018
15677049,O'Brien,595,Germany,Female,25,106570.34,2,0,1,177025.79,0,2/1/2026,11/24/2018
15701291,Chidubem,601,France,Male,44,0,2,1,0,30607.11,0,2/1/2026,3/11/2022
15657566,Wieck,634,Germany,Male,24,103097.85,1,1,1,157577.29,0,2/1/2026,6/6/2017
15667190,Yuan,630,Spain,Female,21,85818.18,1,1,1,133102.3,0,2/1/2026,7/19/2024
15701121,Holt,521,France,Male,38,110641.18,1,0,1,136507.69,1,2/1/2026,2/11/2020
15703793,Konovalova,738,Germany,Male,58,133745.44,4,1,0,28373.86,1,2/1/2026,6/12/2023
15589975,Maclean,646,France,Female,73,97259.25,1,0,1,104719.66,0,2/1/2026,10/7/2019
15706815,Samoylova,515,Germany,Male,37,90432.92,1,1,1,188366.04,1,2/1/2026,5/11/2023
15641835,Anderson,683,France,Male,72,140997.26,1,0,1,52876.41,0,2/1/2026,10/17/2022
15778410,Clarke,533,Spain,Female,52,0,1,0,1,194113.99,1,2/1/2026,2/12/2018
15585362,Simmons,749,France,Female,60,0,1,1,0,17978.68,1,2/1/2026,5/11/2019
15734999,Stephenson,634,Spain,Male,36,85996.19,1,1,0,15887.68,0,2/1/2026,9/28/2023
15793854,Ahmed,723,France,Male,42,99095.73,1,1,1,17512.53,0,2/1/2026,12/6/2023
15593331,Sidorov,693,Germany,Male,25,146580.69,1,0,1,14633.35,0,2/1/2026,8/29/2019
15647402,Wan,628,France,Female,38,0,2,1,1,48924.73,0,2/1/2026,10/30/2022
15757646,Olague,584,France,Male,35,0,2,1,0,192381.21,0,2/1/2026,11/30/2016
15640442,Standish,717,France,Male,31,129722.57,1,0,0,41176.6,0,2/1/2026,6/13/2021
15596181,Kwemto,542,France,Male,38,65942.26,1,1,1,68093.23,1,2/1/2026,7/1/2017
15630167,Gibson,684,Spain,Female,39,139723.9,1,1,1,120612.11,0,2/1/2026,5/19/2021
15721024,Wickens,642,France,Male,26,0,1,0,0,47472.68,0,2/1/2026,7/2/2025
15633537,Nolan,540,Germany,Female,42,87271.41,2,1,0,172572.64,0,2/1/2026,6/7/2016
15809087,Landry,598,France,Male,64,0,2,1,0,195635.3,1,2/1/2026,4/29/2024
15682048,Pisano,605,France,Female,51,136188.78,1,1,1,67110.59,1,2/1/2026,12/25/2022
15599552,Conway,639,Spain,Female,54,0,2,1,1,53843.71,0,2/1/2026,12/1/2023
15770030,Conti,689,Spain,Female,28,0,2,1,1,192449.02,0,2/1/2026,9/7/2022
15812071,Endrizzi,744,France,Male,54,93806.31,2,0,1,140068.77,0,2/1/2026,7/22/2019
15696703,Dean,691,Germany,Male,27,160358.68,2,1,0,142367.72,0,2/1/2026,10/8/2022
15606841,Ibbott,823,France,Male,38,0,2,1,0,156603.7,0,2/1/2026,9/16/2024
15794048,Wan,667,Germany,Female,48,97133.92,2,0,0,113316.77,1,2/1/2026,2/11/2024
15754261,Ho,648,Spain,Male,42,98795.61,2,1,0,,0,2/1/2026,9/13/2023
15759874,Chamberlain,532,France,Male,44,148595.55,1,1,0,74838.64,1,2/1/2026,7/21/2022
15774151,Iadanza,614,Spain,Female,41,179915.85,1,0,0,14666.35,1,2/1/2026,1/22/2019
15800229,Thorpe,695,Germany,Male,40,139022.24,1,0,1,193383.13,0,2/1/2026,8/17/2018
15750258,Ann,675,France,Female,32,155663.31,1,1,0,97658.66,0,2/1/2026,2/20/2023
15746564,O'Sullivan,566,France,Male,42,108010.78,1,1,1,157486.1,0,2/1/2026,1/12/2023
15798824,Kennedy,671,Spain,Male,38,92674.94,2,1,0,3647.57,0,2/1/2026,9/25/2025
15789097,Keeley,644,France,Male,48,0,2,0,1,44965.54,1,2/1/2026,1/18/2018
15592222,Lo,505,France,Male,49,80001.23,1,0,0,135180.11,0,2/1/2026,5/9/2018
15612050,Castiglione,556,Spain,Female,48,168522.37,1,1,1,151310.16,0,2/1/2026,8/27/2017
15670172,Padovesi,622,France,Female,30,107879.04,1,0,1,196894.62,0,2/1/2026,1/19/2022
15799966,Chigolum,792,Germany,Female,59,101609.77,1,0,0,161479.19,1,2/1/2026,6/7/2016
15622217,Tu,538,France,Female,38,88758.95,2,0,0,28226.15,1,2/1/2026,10/13/2017
15600651,Ijendu,749,France,Male,24,0,3,1,1,47911.03,0,2/1/2026,10/11/2024
15624293,Mironova,514,France,Female,46,106511.85,1,1,0,55072.32,0,2/1/2026,4/17/2022
15696674,Robinson,643,Germany,Female,45,150842.93,1,0,1,2319.96,1,2/1/2026,8/10/2023
15585255,Moore,577,France,Male,42,0,1,1,0,74077.91,0,2/1/2026,4/7/2016
15688691,Lei,665,Germany,Female,51,110610.41,2,0,1,1112.76,1,2/1/2026,5/25/2016
15803406,Ross,748,France,Female,26,77780.29,1,0,1,183049.41,0,2/1/2026,9/16/2024
15708063,Walker,712,France,Male,36,100749.5,3,0,0,70758.37,1,2/1/2026,12/24/2023
15692991,Wood,710,Spain,Female,38,0,2,1,1,136390.88,0,2/1/2026,7/10/2021
15579706,Curtis,611,France,Female,46,0,1,1,0,77677.14,1,2/1/2026,7/21/2020
15695585,Atkins,788,Spain,Male,34,156478.62,1,0,1,181196.76,0,2/1/2026,11/3/2019
15784844,K'ung,752,Spain,Male,48,116060.08,1,1,0,156618.38,1,2/1/2026,5/13/2020
15604119,Alderete,850,Spain,Male,35,110349.82,1,0,0,126355.8,0,2/1/2026,9/19/2018
15600882,Scott,635,Spain,Female,35,0,2,1,1,65951.65,0,2/1/2026,11/10/2018
15803749,DeRose,498,Germany,Female,41,87541.06,2,1,1,12577.21,1,2/1/2026,9/13/2021
15576723,Ts'ai,740,France,Female,37,0,2,1,1,194270.91,0,2/1/2026,12/23/2018
15747677,Gordon,656,Spain,Male,69,163975.09,1,1,1,,0,2/1/2026,11/26/2019
15733883,Ward,604,France,Male,28,0,2,0,0,58595.64,0,2/1/2026,3/22/2018
15643496,Randolph,730,France,Female,34,74197.38,2,1,0,96875.52,0,2/1/2026,10/17/2020
15588248,Hs?,617,France,Female,28,0,2,1,1,7597.83,1,2/1/2026,5/16/2025
15613786,Ogbonnaya,818,Spain,Male,26,0,2,1,1,167036.94,0,2/1/2026,7/24/2021
15651140,Doherty,710,France,Female,32,0,1,1,0,94790.34,0,2/1/2026,10/30/2022
15710456,Balmain,607,France,Female,27,0,2,1,0,63495.86,0,2/1/2026,2/9/2023
15692761,Pratt,718,France,Male,36,0,1,1,0,45909.87,0,2/1/2026,4/15/2016
15599301,Tao,538,Germany,Female,28,164365.44,1,0,1,5698.97,0,2/1/2026,11/24/2019
15742632,Alexeyeva,670,France,Female,31,0,1,0,1,76254.83,0,2/1/2026,4/22/2016
15633141,Robinson,696,Germany,Female,35,174902.26,1,1,0,69079.85,0,2/1/2026,2/21/2021
15693347,Gardener,676,France,Female,32,0,2,1,1,75465.41,0,2/1/2026,6/25/2020
15738411,Ho,505,France,Male,34,104498.79,1,0,1,126451.14,0,2/1/2026,3/6/2015
15692463,Rahman,799,Spain,Female,28,142253.65,1,1,0,45042.56,0,2/1/2026,10/26/2022
15586585,Duncan,698,Germany,Female,51,111018.98,1,1,0,86410.28,0,2/1/2026,10/11/2023
15573309,Ward,626,Spain,Female,48,0,2,1,1,95794.98,0,2/1/2026,8/12/2023
15677435,Kazantseva,647,France,Female,29,98263.46,2,1,0,164717.95,0,2/1/2026,11/28/2025
15735522,Boulger,654,Germany,Male,37,145610.07,2,0,0,186300.59,0,2/1/2026,11/9/2023
15642004,Alekseeva,686,France,Male,25,0,2,0,1,16459.37,0,2/1/2026,8/4/2024
15647311,Hill,608,Spain,Female,41,83807.86,1,0,1,112542.58,0,2/1/2026,5/29/2024
15590241,Chuang,750,Spain,Female,34,112822.26,1,0,0,150401.53,1,2/1/2026,3/26/2016
15591711,Sleeman,739,Spain,Male,38,128366.44,1,1,0,12796.43,0,2/1/2026,5/14/2025
15763055,Onuchukwu,572,Spain,Male,31,98108.79,1,0,1,,0,2/1/2026,9/20/2020
15768095,Yeh,579,France,Male,31,0,1,0,1,139048,0,2/1/2026,7/24/2016
15753719,Rickards,547,Germany,Female,30,72392.41,1,1,0,77077.14,0,2/1/2026,12/20/2016
15633877,Morrison,706,Spain,Female,42,95386.82,1,1,1,75732.25,0,2/1/2026,1/5/2018
15571928,Fraser,679,France,Female,43,0,3,1,0,115136.51,1,2/1/2026,1/6/2022
15655192,Fiorentino,850,Spain,Female,24,0,2,0,1,69052.87,0,2/1/2026,9/4/2024
15598493,Beach,656,France,Male,50,0,2,0,1,72143.44,0,2/1/2026,8/27/2018
15732917,Li,729,Germany,Male,46,117837.43,1,1,0,104016.61,1,2/1/2026,10/23/2020
15702298,Parkhill,655,,Male,41,125561.97,1,0,0,164040.94,1,2/1/2026,9/23/2017
15782736,Jose,573,Germany,Female,47,152522.47,1,0,1,164038.07,1,2/1/2026,5/29/2021
15655961,Palermo,756,Germany,Male,27,131899,1,1,0,93302.29,0,2/1/2026,3/25/2024
15731744,Carslaw,692,France,Male,30,0,2,0,1,130486.57,0,2/1/2026,6/13/2023
15576676,Serrano,706,Germany,Female,28,124923.35,2,1,1,50299.14,0,2/1/2026,1/15/2020
15579130,Chidiegwu,708,Germany,Female,43,118994.84,1,1,0,181499.77,1,2/1/2026,3/19/2025
15723053,T'ang,504,Germany,Male,32,170291.22,2,0,1,15658.99,0,2/1/2026,1/19/2018
15761976,Su,797,Spain,Female,31,0,2,1,0,117916.63,0,2/1/2026,5/29/2017
15575694,Yobachukwu,729,Spain,Female,45,91091.06,2,1,0,71133.12,0,2/1/2026,11/5/2018
15796969,Lahti,731,France,Male,33,0,2,1,1,,0,2/1/2026,2/24/2021
15697311,Nebechukwu,697,Spain,Male,56,110802.03,1,1,1,50230.31,1,2/1/2026,4/26/2020
15802593,Little,504,France,Female,49,0,3,0,1,87822.14,1,2/1/2026,12/28/2018
15794413,Harris,416,France,Male,32,0,2,0,1,878.87,0,2/1/2026,1/8/2026
15672144,Mao,667,France,Female,38,144432.04,1,1,1,73963.17,1,2/1/2026,12/3/2019
15721935,Kincaid,521,France,Male,25,0,2,1,1,157878.67,0,2/1/2026,5/28/2018
15813132,Chukwukadibia,696,Germany,Male,30,114027.7,1,1,1,193716.56,0,2/1/2026,2/4/2021
15633260,Dumetochukwu,600,France,Male,37,142663.46,1,0,1,88669.89,0,2/1/2026,11/23/2024
15585865,Westerberg,673,France,Female,38,170061.92,2,0,0,134901.34,1,2/1/2026,2/16/2023
15798398,Pagnotto,785,France,Female,36,135438.4,1,0,0,190627.01,0,2/1/2026,1/11/2022
15769522,O'Connor,734,France,Male,51,118537.47,1,1,1,116912.45,0,2/1/2026,3/23/2024
15583548,Harrison,525,Spain,Female,47,118560,1,1,0,82522.61,1,2/1/2026,7/15/2019
15722993,Page,700,France,Female,27,137963.07,1,0,0,8996.79,0,2/1/2026,12/12/2019
15640161,Calabrese,618,Germany,Male,44,157955.83,2,0,0,139297.71,0,2/1/2026,11/11/2020
15622117,Fries,625,Spain,Female,31,0,2,1,0,151843.54,0,2/1/2026,8/23/2017
15733297,Sinclair,518,France,Female,38,84764.79,1,1,1,162253.9,0,2/1/2026,2/5/2015
15658485,Heath,785,France,Female,34,70302.48,1,1,1,68600.36,0,2/1/2026,1/30/2017
15599792,Dimauro,545,France,Female,26,0,2,1,1,199638.56,0,2/1/2026,5/30/2024
15603594,Nwankwo,635,Spain,Male,24,0,2,1,1,70668.77,0,2/1/2026,2/9/2021
15604588,Li Fonti,850,Spain,Female,38,0,2,0,1,179360.76,0,2/1/2026,8/16/2022
15760102,Yeh,551,France,Female,36,0,1,1,0,183479.12,0,2/1/2026,5/7/2020
15762110,Anderson,628,France,Male,37,0,2,1,1,,0,2/1/2026,2/4/2025
15782247,Yeh,540,France,Male,22,0,3,1,1,186233.26,1,2/1/2026,2/28/2021
15728352,Yermakov,623,France,Male,27,120509.81,1,0,0,142170.44,0,2/1/2026,10/26/2021
15595588,Chukwunonso,773,Spain,Female,39,0,2,0,1,182081.45,0,2/1/2026,11/9/2021
15756668,Ross,706,France,Male,30,98415.37,1,1,1,110520.48,0,2/1/2026,8/16/2022
15609286,Chadwick,702,France,Male,37,150525.8,1,1,1,94728.49,0,2/1/2026,11/8/2015
15605286,Moyes,565,France,Male,55,118803.35,2,1,1,128124.7,1,2/1/2026,5/22/2021
15612615,Graham,616,France,Female,37,0,2,1,0,86242.18,0,2/1/2026,3/22/2019
15670755,Shaw,650,France,Male,60,0,2,1,1,102925.76,0,2/1/2026,2/22/2017
15594685,Hall,757,France,Female,49,0,2,0,0,164482.92,0,2/1/2026,11/30/2023
15640953,Bligh,611,France,Female,26,107508.93,2,1,1,120801.65,0,2/1/2026,11/8/2023
15617482,Milanesi,489,Germany,Female,52,131441.51,1,1,0,37240.11,1,2/1/2026,9/26/2024
15627484,Obielumani,686,France,Female,47,113328.93,1,1,0,,0,2/1/2026,5/13/2020
15730397,Narelle,739,Spain,Male,40,109681.61,1,1,1,193321.3,0,2/1/2026,10/9/2024
15720838,Gallo,689,Spain,Female,31,139799.63,1,0,1,120663.57,0,2/1/2026,8/21/2022
15777553,Hanson,659,France,Female,56,123785.24,1,1,0,99504.03,1,2/1/2026,1/27/2017
15803681,Sims,803,France,Female,26,0,2,1,1,181208.47,0,2/1/2026,6/1/2021
15574783,Perkins,584,France,Female,37,0,2,1,1,180363.56,0,2/1/2026,4/1/2024
15726631,Hilton,758,France,Female,39,127357.76,1,0,1,56577,0,2/1/2026,8/3/2019
15635240,Onuoha,553,France,Male,42,0,2,0,0,23822.04,0,2/1/2026,6/17/2024
15585067,Wilson,634,Spain,Male,31,108632.48,1,1,1,179485.96,1,2/1/2026,11/7/2016
15739438,Reed,539,France,Male,30,0,2,1,0,160979.66,0,2/1/2026,1/17/2026
15800434,Burgess,811,Germany,Male,52,76915.4,1,0,0,146359.81,1,2/1/2026,8/13/2015
15724563,Hawkins,752,Germany,Female,42,65046.08,2,0,1,140139.28,0,2/1/2026,5/23/2022
15815364,Ashley,736,Spain,Female,28,0,2,1,1,117431.1,0,2/1/2026,11/24/2023
15719348,Tsao,513,France,Male,35,0,1,1,0,76640.29,1,2/1/2026,12/1/2017
15729975,Chidozie,613,France,Female,46,167795.6,1,0,1,44390.38,0,2/1/2026,2/12/2017
15679200,Crawford,580,Spain,Male,29,61710.44,2,1,0,128077.8,0,2/1/2026,11/22/2016
15658969,Gray,711,France,Male,51,0,3,1,0,38409.79,1,2/1/2026,2/7/2018
15567980,Frater,537,Germany,Female,46,100727.5,1,0,1,140857.76,1,2/1/2026,5/24/2020
15645772,Onwumelu,661,France,Male,33,0,2,1,1,84174.81,0,2/1/2026,1/29/2017
15643630,Quaife,770,Spain,Male,55,63127.41,2,1,0,185211.28,1,2/1/2026,1/28/2017
15751175,Bess,648,France,Female,44,0,2,1,1,58652.23,0,2/1/2026,4/17/2023
15652266,Chidiebele,703,Germany,Male,42,63227,1,0,1,137316.32,0,2/1/2026,2/10/2016
15746970,Townsend,760,Spain,Female,57,0,2,1,1,25101.17,0,2/1/2026,9/22/2024
15790757,Cody,769,France,Female,25,0,2,0,0,187925.75,0,2/1/2026,10/19/2015
15693468,Simmons,488,Spain,Female,39,140553.46,1,0,0,12440.44,0,2/1/2026,10/25/2016
15757648,Marshall,683,Germany,Female,35,95698.79,1,0,1,182566.76,0,2/1/2026,4/9/2020
15636238,Graham,611,France,Male,40,0,2,1,1,102547.56,0,2/1/2026,12/28/2024
15694408,Lung,749,France,Male,40,139290.41,1,1,0,182855.42,1,2/1/2026,12/16/2024
15742613,Warner,773,Germany,Female,42,152324.66,2,1,0,171733.22,0,2/1/2026,5/13/2017
15749482,Zack,772,Spain,Male,30,78653.05,1,1,0,1790.48,0,2/1/2026,11/3/2021
15631927,Thomas,574,Spain,Female,28,0,2,0,0,185660.3,0,2/1/2026,2/15/2018
15624347,Fokine,651,France,Male,40,0,2,1,1,147715.83,0,2/1/2026,4/18/2021
15576824,Kennedy,564,Germany,Female,44,111760.4,3,1,1,104722.47,1,2/1/2026,5/3/2022
15608114,Manfrin,587,Spain,Male,62,121286.27,1,0,1,6776.92,0,2/1/2026,2/6/2018
15730038,Docherty,706,France,Female,23,0,1,0,0,164128.41,1,2/1/2026,9/3/2020
15699450,Li,723,France,Male,48,0,2,1,1,150694.58,0,2/1/2026,11/1/2018
15685300,Meng,603,France,Male,35,128993.76,2,1,0,130483.56,0,2/1/2026,11/2/2019
15670205,Boyd,518,Germany,Female,41,110624.99,1,1,0,89327.67,0,2/1/2026,10/16/2020
15736601,Tai,716,France,Male,35,144428.87,1,1,0,134132.65,0,2/1/2026,12/10/2021
15619857,Crawford,605,France,Female,64,129555.7,1,1,1,13601.79,0,2/1/2026,5/24/2023
15686436,Newbery,523,Spain,Male,32,0,2,1,0,167848.02,0,2/1/2026,7/4/2021
15682563,Larionova,618,Spain,Male,38,126473.99,1,1,0,91972.49,0,2/1/2026,5/8/2020
15803790,Allen,638,Germany,Male,37,89728.86,2,1,1,37294.88,0,2/1/2026,1/20/2024
15689514,Kang,625,France,Male,43,201696.07,1,1,0,133020.9,1,2/1/2026,1/13/2018
15677217,Ibragimova,705,France,Male,30,0,1,1,1,181300.32,0,2/1/2026,3/25/2024
15604804,Lu,516,France,Female,33,127305.5,1,1,1,120037.36,0,2/1/2026,8/7/2018
15607178,Welch,850,Germany,Male,38,54901.01,1,1,1,140075.55,0,2/1/2026,3/9/2022
15636444,Craig,535,Germany,Female,53,141616.55,2,1,1,75888.65,0,2/1/2026,2/4/2020
15611088,Genovese,790,France,Female,31,0,2,1,0,84126.75,0,2/1/2026,12/27/2016
15669169,Hargreaves,775,Spain,Male,29,0,2,1,1,68143.93,0,2/1/2026,1/19/2016
15745354,Franklin,611,Spain,Female,37,0,2,1,0,125696.26,0,2/1/2026,6/14/2021
15672145,Swift,534,France,Female,34,121551.58,2,1,1,70179,0,2/1/2026,7/27/2018
15732102,Darling,656,Germany,Female,27,150905.03,2,1,0,16998.72,0,2/1/2026,12/8/2022
15620398,Mitchell,635,Spain,Female,34,98683.47,2,1,0,15733.19,0,2/1/2026,5/5/2020
15628007,Genovese,653,France,Male,33,0,2,0,0,53379.52,0,2/1/2026,10/6/2024
15616931,Moore,653,France,Male,41,102768.42,1,1,0,55663.85,0,2/1/2026,11/30/2017
15714993,Longo,552,France,Female,41,124349.34,1,1,0,135635.25,0,2/1/2026,11/16/2016
15658459,Bates,784,Spain,Male,33,0,2,1,0,162022.47,0,2/1/2026,10/17/2015
15721730,Amechi,601,Spain,Female,44,0,2,1,0,58561.31,0,2/1/2026,10/11/2021
15787026,Onwuatuegwu,627,Germany,Male,27,185267.45,2,1,1,77027.34,0,2/1/2026,10/1/2025
15684801,Abbott,689,France,Male,47,93871.95,3,1,0,156878.42,1,2/1/2026,12/15/2024
15631310,Hsieh,537,France,Female,53,0,1,1,1,91406.62,0,2/1/2026,3/28/2022
15801277,Maccallum,715,France,Female,31,112212.14,2,1,1,181600.72,0,2/1/2026,11/18/2023
15742269,Milano,756,France,Female,24,0,2,1,0,184182.25,0,2/1/2026,7/29/2024
15779481,Swadling,628,France,Male,34,158741.43,2,1,1,126192.54,0,2/1/2026,10/5/2021
15700476,Azubuike,564,,Male,41,103522.75,2,1,1,34338.21,0,2/1/2026,6/25/2016
15634844,Miller,598,Germany,Male,41,91536.93,1,1,0,191468.78,1,2/1/2026,10/17/2022
15758813,Campbell,350,Germany,Male,39,109733.2,2,0,0,123602.11,1,2/1/2026,7/15/2025
15595071,Ramos,696,France,Male,22,149777,1,1,1,198032.93,0,2/1/2026,4/20/2016
15766887,Iadanza,538,Spain,Male,39,122773.5,2,1,1,58467.08,0,2/1/2026,9/15/2023
15729412,Holloway,682,France,Male,38,107192.38,1,1,1,15669.17,0,2/1/2026,7/10/2021
15737782,Brazenor,562,France,Male,29,0,1,1,1,25858.68,0,2/1/2026,9/6/2016
15777892,Samsonova,721,Germany,Male,37,107720.64,1,1,1,158591.12,0,2/1/2026,6/21/2022
15790314,Onuoha,649,France,Male,41,0,2,0,1,130567.02,0,2/1/2026,1/24/2026
15714750,Northey,690,France,Female,42,92578.14,2,0,0,70810.6,0,2/1/2026,6/30/2022
15788218,Henderson,549,Spain,Female,24,0,2,1,1,14406.41,0,2/1/2026,2/28/2016
15736760,Douglas,538,Spain,Female,42,0,1,0,0,152855.96,0,2/1/2026,10/17/2016
15744398,Burns,525,France,Female,23,0,2,1,0,160249.1,0,2/1/2026,8/2/2020
15653620,Gordon,546,France,Female,27,0,2,1,1,14858.1,0,2/1/2026,10/23/2017
15690231,K'ung,612,Spain,Female,62,167026.61,2,1,1,192892.05,0,2/1/2026,11/6/2025
15742480,Igwebuike,775,Germany,Male,36,109949.05,2,0,1,71682.54,0,2/1/2026,3/13/2023
15693381,Tipton,533,Spain,Male,38,135289.33,2,0,1,152956.33,0,2/1/2026,5/31/2024
15622750,Chu,742,Germany,Female,21,114292.48,1,1,0,31520.4,0,2/1/2026,1/24/2025
15774882,Mazzanti,687,France,Female,35,99587.43,1,1,1,1713.1,1,2/1/2026,10/22/2022
15759913,Trentini,553,Germany,Male,43,85200.82,2,1,1,160574.09,0,2/1/2026,7/26/2019
15584518,Arthur,589,Germany,Female,50,144895.05,2,1,1,34941.23,0,2/1/2026,8/23/2020
15591130,Medvedev,507,Spain,Female,29,0,2,0,1,94780.9,0,2/1/2026,2/5/2019
15633648,Jideofor,696,Spain,Female,51,0,2,1,0,,0,2/1/2026,9/26/2020
15788676,Riley,539,Spain,Male,38,71460.67,2,1,1,10074.05,0,2/1/2026,10/8/2017
15732778,Templeman,468,Germany,Male,29,111681.98,2,1,1,195711.16,0,2/1/2026,9/30/2024
15666055,Rowe,705,France,Female,49,0,1,1,0,63405.2,1,2/1/2026,1/26/2019
15763063,Price,685,Spain,Female,25,128509.63,1,1,0,121562.33,0,2/1/2026,10/4/2015
15728773,Hsieh,568,France,Female,47,0,2,1,1,45978.39,0,2/1/2026,5/6/2018
15746139,Enemuo,596,France,Male,33,139451.67,1,0,0,63142.12,0,2/1/2026,8/31/2023
15772798,Chikezie,711,Spain,Female,28,0,2,1,1,93959.96,0,2/1/2026,9/23/2020
15577078,Zakharov,539,Spain,Male,38,0,1,1,1,152880.07,1,2/1/2026,4/29/2019
15662085,Read,678,France,Female,32,0,1,1,1,148210.64,0,2/1/2026,6/10/2016
15659931,Ibezimako,637,Germany,Female,55,123378.2,1,1,0,81431.99,1,2/1/2026,10/18/2024
15595388,Yeh,594,France,Female,30,0,2,1,1,124071.71,0,2/1/2026,1/20/2016
15566111,Estes,596,France,Male,39,0,1,1,0,48963.59,0,2/1/2026,2/13/2016
15619029,Bykov,620,Spain,Female,43,0,2,1,0,20670.1,0,2/1/2026,12/15/2023
15654106,K?,604,France,Male,26,149542.52,2,0,1,197911.52,0,2/1/2026,4/14/2017
15709487,Freeman,668,Germany,Male,34,80242.37,2,0,0,56780.97,0,2/1/2026,7/27/2020
15745844,Kerr,642,Germany,Female,40,129502.49,2,0,1,86099.23,1,2/1/2026,5/6/2019
15645778,Reid,670,Spain,Male,42,81589.04,1,1,0,,0,2/1/2026,12/22/2022
15775295,McIntyre,630,France,Female,40,118633.08,1,0,1,60032.46,1,2/1/2026,3/5/2025
15686302,Fisk,745,Spain,Female,31,124328.84,1,1,1,140451.52,0,2/1/2026,1/20/2023
15775803,Cawker,841,Spain,Male,41,0,2,0,1,193093.77,0,2/1/2026,10/21/2024
15622897,Sharpe,646,France,Female,46,0,3,1,0,93251.42,1,2/1/2026,11/15/2021
15659557,Artamonova,811,Germany,Female,28,167738.82,2,1,1,9903.42,0,2/1/2026,2/23/2021
15747807,Gallagher,720,France,Female,43,137824.03,2,1,0,172557.77,0,2/1/2026,2/19/2019
15585215,Yuan,763,France,Female,31,0,2,0,0,50404.72,0,2/1/2026,11/25/2021
15755678,Kovalyov,534,France,Male,62,0,2,0,0,42763.12,1,2/1/2026,12/28/2023
15810864,Williamson,700,France,Female,82,0,2,0,1,182055.36,0,2/1/2026,12/20/2023
15678910,Ts'ai,680,France,Female,30,141441.75,1,1,1,16278.97,0,2/1/2026,3/17/2017
15634949,Hay,593,Germany,Male,74,161434.36,2,1,1,65532.17,0,2/1/2026,12/7/2020
15786199,Hsing,535,France,Male,33,133040.32,1,1,1,110299.78,0,2/1/2026,11/28/2023
15585036,Okoli,694,Spain,Female,37,0,2,1,1,147012.22,0,2/1/2026,11/24/2022
15642937,Padovesi,550,France,Female,46,0,2,1,0,130590.35,0,2/1/2026,9/23/2018
15598751,Ingram,556,France,Female,43,0,3,0,0,125154.57,1,2/1/2026,2/26/2019
15746451,Barry,686,Spain,Male,41,102749.72,1,0,1,194913.86,0,2/1/2026,11/4/2018
15642345,Y?,714,Germany,Female,49,93059.34,1,1,0,7571.51,1,2/1/2026,5/25/2021
15619955,Bevington,733,Germany,Male,34,100337.96,3,1,0,48559.19,1,2/1/2026,6/7/2022
15602280,Martin,829,Germany,Female,27,112045.67,1,1,1,119708.21,1,2/1/2026,1/31/2017
15592229,Mullan,713,France,Female,52,185891.54,1,1,1,46369.57,1,2/1/2026,10/20/2025
15706899,Ma,559,France,Male,34,0,2,1,1,66721.98,0,2/1/2026,11/5/2021
15754112,Musgrove,653,Spain,Male,55,0,2,1,1,41967.03,0,2/1/2026,6/11/2018
15582259,Campbell,567,France,Female,37,0,2,1,1,28690.9,0,2/1/2026,3/20/2018
15737452,Romeo,653,Germany,Male,58,132602.88,1,1,0,5097.67,1,2/1/2026,8/19/2024
15679770,Smith,611,France,Female,61,131583.59,4,0,1,66238.23,1,2/1/2026,5/6/2022
15659175,Severson,755,France,Female,43,0,2,1,0,18066.69,0,2/1/2026,1/2/2017
15633112,Madukaego,681,Germany,Male,42,118199.97,2,1,0,9452.88,1,2/1/2026,4/23/2022
15577178,Genovese,511,France,Male,45,68375.27,1,1,0,193160.25,1,2/1/2026,11/7/2020
15756804,O'Loghlen,636,France,Female,48,170833.46,1,1,0,110510.28,1,2/1/2026,10/5/2024
15622017,Bruno,773,Spain,Female,33,0,1,1,1,98820.09,0,2/1/2026,11/3/2015
15646609,Chao,748,France,Male,33,142645.43,1,0,0,69132.66,0,2/1/2026,12/5/2024
15601892,Hunter,563,France,Male,33,0,2,0,1,68815.05,0,2/1/2026,5/15/2017
15783501,Findlay,800,France,Female,38,168190.33,2,1,0,68052.08,0,2/1/2026,1/4/2024
15799211,Anenechi,708,Spain,Female,32,187487.63,1,1,1,120115.5,0,2/1/2026,3/20/2017
15616280,Hsia,536,France,Male,46,65733.41,1,1,0,61094.53,0,2/1/2026,11/18/2024
15744327,Ruth,564,France,Male,40,0,1,1,0,85455.62,1,2/1/2026,3/9/2021
15761477,Golibe,501,Germany,Male,24,130806.42,2,1,0,80241.14,0,2/1/2026,1/18/2022
15581479,Archer,523,France,Male,30,83181.29,1,1,1,138176.78,0,2/1/2026,1/7/2025
15798424,Glover,833,Germany,Male,59,130854.59,1,1,1,30722.52,1,2/1/2026,1/29/2025
15644621,Mironova,597,Germany,Female,40,106756.01,2,1,0,151167.94,0,2/1/2026,3/16/2016
15686776,Rossi,557,France,Female,32,184686.41,2,1,0,14956.44,0,2/1/2026,3/1/2019
15721189,Kung,666,France,Female,66,0,2,1,1,99792.82,0,2/1/2026,10/9/2018
15660101,Nnonso,803,France,Male,31,157120.86,2,1,0,141300.53,0,2/1/2026,8/14/2016
15652693,Greco,573,France,Female,26,129109.02,1,0,0,149814.68,1,2/1/2026,4/19/2021
15701354,Boni,699,France,Female,39,0,2,0,0,93826.63,0,2/1/2026,11/25/2024
15682834,Johnstone,715,Spain,Female,35,40169.88,2,1,1,199857.47,0,2/1/2026,3/5/2021
15729040,Lamb,440,France,Male,42,0,2,1,0,49826.68,0,2/1/2026,3/24/2023
15739068,Nwoye,638,Germany,Male,25,148045.45,2,1,1,114722.42,0,2/1/2026,1/24/2022
15780212,Mao,592,France,Male,37,212692.97,1,0,0,176395.02,0,2/1/2026,11/9/2021
15640905,Vasin,579,Spain,Female,35,129490.36,2,0,1,8590.83,1,2/1/2026,8/1/2024
15645463,Udinese,843,France,Female,27,0,2,1,1,67494.23,0,2/1/2026,3/3/2020
15681081,Marrero,545,Spain,Female,47,0,2,1,1,38970.14,0,2/1/2026,9/11/2020
15671930,H?,717,France,Female,36,0,2,1,1,145551.6,0,2/1/2026,9/27/2020
15726267,Paterson,570,France,Male,32,117337.54,2,0,1,62810.91,0,2/1/2026,9/8/2016
15574331,Alexeeva,593,Germany,Female,62,118233.81,1,0,1,24765.53,1,2/1/2026,9/5/2022
15754084,Palazzi,710,Spain,Male,35,106518.52,1,1,1,127951.81,0,2/1/2026,12/24/2024
15593295,Greathouse,548,France,Male,57,76165.65,1,1,1,133537.53,0,2/1/2026,4/10/2019
15732448,Stewart,821,France,Female,28,0,1,1,1,36754.13,0,2/1/2026,4/14/2017
15736112,Walton,519,Spain,Female,57,119035.35,2,1,1,29871.79,0,2/1/2026,6/23/2023
15645572,Calabresi,743,France,Female,40,0,1,1,0,28280.8,1,2/1/2026,11/15/2019
15729970,Ugochukwu,684,Germany,Male,29,127269.75,1,0,1,79495.01,0,2/1/2026,10/14/2017
15672610,Somadina,567,Spain,Male,40,118628.8,1,0,0,91973.63,0,2/1/2026,8/3/2021
15612030,Udegbulam,724,France,Male,28,0,2,1,1,100240.2,0,2/1/2026,10/24/2016
15748625,Napolitano,664,France,Male,57,0,2,1,1,15304.08,0,2/1/2026,11/16/2019
15714466,Baxter,846,France,Female,41,0,3,1,0,3440.47,1,2/1/2026,5/24/2020
15775318,Lu,590,Spain,Female,51,154962.99,3,0,1,191932.27,1,2/1/2026,3/3/2022
15669899,Fitts,755,Germany,Female,45,135643,1,0,0,143619.52,1,2/1/2026,5/9/2018
15570859,Froggatt,626,Germany,Male,36,181671.16,2,1,1,57531.14,0,2/1/2026,12/24/2023
15630328,Bird,635,France,Female,48,130796.33,2,1,1,43250.3,0,2/1/2026,12/11/2017
15592386,Campbell,520,France,Male,58,0,2,0,1,32790.02,0,2/1/2026,4/20/2022
15765297,Yao,766,Spain,Male,41,0,2,0,1,34283.23,0,2/1/2026,9/20/2025
15685226,Morrison,712,Germany,Female,29,147199.07,1,1,1,84932.4,0,2/1/2026,5/19/2018
15713379,Anderson,669,France,Male,26,0,2,1,1,197594.34,0,2/1/2026,1/10/2022
15774696,Cole,640,Germany,Female,75,106307.91,2,0,1,113428.77,0,2/1/2026,6/13/2024
15684196,Aitken,627,France,Female,55,159441.27,1,1,0,100686.11,1,2/1/2026,7/8/2023
15597901,Chidozie,609,France,Male,34,0,1,1,1,181177.9,0,2/1/2026,2/6/2024
15773017,Todd,763,Spain,Female,37,0,2,1,1,149705.25,0,2/1/2026,1/9/2020
15760431,Pino,850,France,Male,38,0,2,1,1,80006.65,0,2/1/2026,2/13/2024
15658693,Aksyonova,827,France,Female,60,0,2,0,1,60615.83,0,2/1/2026,8/18/2023
15705707,Bennelong,635,,Female,29,138296.94,2,1,0,141075.51,0,2/1/2026,3/19/2017
15742638,Wang,747,France,Female,25,0,2,0,1,42039.67,0,2/1/2026,5/9/2021
15649280,Lucchese,521,Germany,Female,40,134504.78,1,1,0,18082.06,0,2/1/2026,11/3/2016
15660535,Avent,680,France,Female,47,0,2,1,1,,0,2/1/2026,9/23/2020
15796179,Moore,683,France,Male,43,0,1,1,0,96754.8,0,2/1/2026,1/5/2018
15672012,Jen,773,Spain,Female,41,0,1,1,0,28266.9,1,2/1/2026,5/14/2020
15788946,Anthony,605,Spain,Female,29,116805.82,1,0,0,4092.75,0,2/1/2026,5/7/2022
15589488,Ch'eng,686,Germany,Female,56,111642.08,1,1,1,80553.87,0,2/1/2026,6/5/2020
15599195,Stiger,582,Germany,Male,32,88938.62,1,1,1,10054.53,0,2/1/2026,1/14/2025
15739054,Y?,654,France,Female,29,96974.97,1,0,1,141404.07,0,2/1/2026,9/15/2021
15614782,Hao,526,France,Male,36,0,1,1,0,160696.72,0,2/1/2026,3/25/2024
15602929,Wilson,728,Spain,Female,37,0,1,0,0,4539.38,0,2/1/2026,2/18/2021
15806307,Favors,537,France,Male,37,0,2,1,1,20603.32,0,2/1/2026,10/28/2022
15596021,K?,598,Spain,Male,44,0,2,1,0,148487.9,0,2/1/2026,3/17/2017
15794916,Pirogov,725,France,Male,41,113980.21,1,1,1,116704.25,0,2/1/2026,8/16/2018
15594917,Miller,676,France,Female,34,63095.01,1,1,1,40645.81,0,2/1/2026,5/11/2024
15617982,Pirozzi,661,Spain,Female,42,0,2,1,0,35989.41,0,2/1/2026,9/30/2022
15728006,Endrizzi,524,France,Male,40,180516.9,1,1,0,180002.42,0,2/1/2026,4/3/2023
15633059,Fanucci,413,France,Male,34,0,2,0,0,6534.18,0,2/1/2026,1/31/2017
15735428,Talbot,673,Spain,Female,37,0,2,0,0,82351.06,0,2/1/2026,4/1/2025
15690664,Liang,729,Spain,Male,37,0,2,1,0,100862.54,0,2/1/2026,10/31/2015
15630913,Rosas,476,Spain,Female,69,105303.73,1,0,1,134260.34,0,2/1/2026,8/26/2024
15756560,Moran,599,Spain,Female,46,81742.84,2,1,0,83282.21,0,2/1/2026,1/13/2019
15730394,Crowther,709,France,Female,43,0,2,0,0,168035.62,1,2/1/2026,10/28/2017
15735263,Hsueh,736,France,Male,27,51522.75,1,0,1,192131.77,0,2/1/2026,4/6/2020
15593014,Evseyev,525,France,Male,33,112833.35,1,0,1,175178.56,0,2/1/2026,2/29/2024
15585768,Cameron,582,Germany,Male,41,70349.48,2,0,1,,0,2/1/2026,4/4/2019
15778395,McIntyre,762,Germany,Male,34,88815.56,2,1,0,68562.26,1,2/1/2026,9/6/2021
15797160,Glover,492,France,Female,49,0,1,1,1,182865.09,1,2/1/2026,10/7/2017
15785798,Uchechukwu,850,France,Male,40,0,2,0,1,119232.33,0,2/1/2026,4/23/2016
15758845,Rocher,590,Spain,Female,37,64345.21,1,0,1,61759.33,1,2/1/2026,5/29/2025
15585198,Bergamaschi,715,France,Male,41,94267.9,1,0,1,152821.12,1,2/1/2026,9/20/2021
15713267,Zimmer,779,Spain,Female,34,0,2,0,1,111676.63,0,2/1/2026,4/16/2020
15742210,Ugochukwu,700,France,Male,38,65962.63,1,1,1,100950.48,0,2/1/2026,5/16/2016
15644119,Sochima,531,France,Male,31,0,1,1,1,42589.33,0,2/1/2026,6/18/2022
15789095,T'ang,775,Spain,Male,30,0,2,0,1,57461.13,0,2/1/2026,7/5/2021
15665790,Rowntree,538,Germany,Male,39,108055.1,2,1,0,,0,2/1/2026,9/7/2018
15570835,Fallaci,491,Germany,Female,57,112044.72,1,1,1,41229.73,1,2/1/2026,5/14/2021
15804586,Lin,376,France,Female,46,0,1,1,0,157333.69,1,2/1/2026,1/2/2020
15618314,Chu,676,France,Male,40,114005.78,1,1,1,67998.45,0,2/1/2026,2/28/2017
15779052,Ballard,604,Germany,Female,25,157780.84,2,1,1,58426.81,0,2/1/2026,11/27/2020
15771573,Okagbue,637,Germany,Female,39,137843.8,1,1,1,117622.8,1,2/1/2026,4/7/2016
15618765,Ponomaryov,530,Germany,Female,42,99948.45,1,0,1,97338.62,0,2/1/2026,5/28/2025
15569678,Cocci,561,Germany,Male,32,166824.59,1,1,0,139451.98,0,2/1/2026,7/19/2019
15738721,Graham,773,Spain,Male,41,102827.44,1,0,1,64595.25,0,2/1/2026,12/9/2016
15796313,Olsen,662,France,Female,36,166909.2,2,1,0,138871.12,1,2/1/2026,5/8/2021
15741728,Atkins,591,Spain,Male,36,135216.8,1,1,1,122022.89,0,2/1/2026,8/17/2018
15671209,Holden,593,Germany,Female,29,101713.84,3,1,0,134594.99,0,2/1/2026,3/3/2020
15721426,Milne,606,Germany,Male,65,126306.64,3,0,0,7861.68,1,2/1/2026,2/13/2015
15645543,Bell,636,France,Female,34,0,2,1,1,44756.25,0,2/1/2026,8/3/2022
15789955,Hu,698,Germany,Male,56,112414.81,2,0,0,93982.02,1,2/1/2026,7/22/2024
15777826,Wofford,643,France,Male,30,94443.77,1,1,1,165614.4,0,2/1/2026,4/14/2020
